ID,Ana Kategori,Konu,Önerilen URL,Physical HTML
1,Tüp Mide / Sleeve Gastrektomi,Tüp mide ameliyatı nedir?,blog/tupe-mide-ameliyati-nedir.html,tupe-mide-ameliyati-nedir.html
2,Tüp Mide / Sleeve Gastrektomi,Tüp mide ameliyatı nasıl yapılır?,blog/mide-kucultme-ameliyati-nasil-yapilir.html,mide-kucultme-ameliyati-nasil-yapilir.html
3,Tüp Mide / Sleeve Gastrektomi,Tüp mide ameliyatı kimlere uygulanır?,blog/tup-mide-ameliyati-kimlere-uygulanir.html,tup-mide-ameliyati-kimlere-uygulanir.html
4,Tüp Mide / Sleeve Gastrektomi,Tüp mide ameliyatı öncesi değerlendirme,blog/tup-mide-ameliyati-oncesi-degerlendirme.html,tup-mide-ameliyati-oncesi-degerlendirme.html
5,Tüp Mide / Sleeve Gastrektomi,Tüp mide ameliyatı öncesi hazırlık,blog/tup-mide-ameliyati-oncesi-hazirlik.html,tup-mide-ameliyati-oncesi-hazirlik.html
6,Tüp Mide / Sleeve Gastrektomi,Tüp mide ameliyatı sonrası ilk gün,blog/tup-mide-ameliyati-sonrasi-ilk-gun.html,tup-mide-ameliyati-sonrasi-ilk-gun.html
7,Tüp Mide / Sleeve Gastrektomi,Tüp mide ameliyatı sonrası ilk hafta,blog/tup-mide-ameliyati-sonrasi-ilk-hafta.html,tup-mide-ameliyati-sonrasi-ilk-hafta.html
8,Tüp Mide / Sleeve Gastrektomi,Tüp mide ameliyatı sonrası ilk ay,blog/tup-mide-ameliyati-sonrasi-ilk-ay.html,tup-mide-ameliyati-sonrasi-ilk-ay.html
9,Tüp Mide / Sleeve Gastrektomi,Tüp mide ameliyatı sonrası üçüncü ay,blog/tup-mide-ameliyati-sonrasi-ucuncu-ay.html,tup-mide-ameliyati-sonrasi-ucuncu-ay.html
10,Tüp Mide / Sleeve Gastrektomi,Tüp mide ameliyatı sonrası altıncı ay,blog/tup-mide-ameliyati-sonrasi-altinci-ay.html,tup-mide-ameliyati-sonrasi-altinci-ay.html
11,Tüp Mide / Sleeve Gastrektomi,Tüp mide ameliyatı sonrası birinci yıl,blog/tup-mide-ameliyati-sonrasi-birinci-yil.html,tup-mide-ameliyati-sonrasi-birinci-yil.html
12,Tüp Mide / Sleeve Gastrektomi,Tüp mide ameliyatı sonrası uzun dönem takip,blog/tup-mide-ameliyati-sonrasi-uzun-donem-takip.html,tup-mide-ameliyati-sonrasi-uzun-donem-takip.html
13,Tüp Mide / Sleeve Gastrektomi,Tüp mide ameliyatı sonrası beslenme,blog/tup-mide-sonrasi-beslenme.html,tup-mide-sonrasi-beslenme.html
14,Tüp Mide / Sleeve Gastrektomi,Tüp mide ameliyatı sonrası sıvı tüketimi,blog/tup-mide-ameliyati-sonrasi-sivi-tuketimi.html,tup-mide-ameliyati-sonrasi-sivi-tuketimi.html
15,Tüp Mide / Sleeve Gastrektomi,Tüp mide ameliyatı sonrası protein ihtiyacı,blog/tup-mide-ameliyati-sonrasi-protein-ihtiyaci.html,tup-mide-ameliyati-sonrasi-protein-ihtiyaci.html
16,Tüp Mide / Sleeve Gastrektomi,Tüp mide ameliyatı sonrası vitamin ve mineral takviyeleri,blog/tup-mide-ameliyati-sonrasi-vitamin-ve-mineral-takviyeleri.html,tup-mide-ameliyati-sonrasi-vitamin-ve-mineral-takviyeleri.html
17,Tüp Mide / Sleeve Gastrektomi,Tüp mide ameliyatı sonrası B12,blog/tup-mide-ameliyati-sonrasi-b12.html,tup-mide-ameliyati-sonrasi-b12.html
18,Tüp Mide / Sleeve Gastrektomi,Tüp mide ameliyatı sonrası demir eksikliği,blog/tup-mide-ameliyati-sonrasi-demir-eksikligi.html,tup-mide-ameliyati-sonrasi-demir-eksikligi.html
19,Tüp Mide / Sleeve Gastrektomi,Tüp mide ameliyatı sonrası D vitamini,blog/tup-mide-ameliyati-sonrasi-d-vitamini.html,tup-mide-ameliyati-sonrasi-d-vitamini.html
20,Tüp Mide / Sleeve Gastrektomi,Tüp mide ameliyatı sonrası kalsiyum,blog/tup-mide-ameliyati-sonrasi-kalsiyum.html,tup-mide-ameliyati-sonrasi-kalsiyum.html
21,Tüp Mide / Sleeve Gastrektomi,Tüp mide ameliyatı sonrası folat,blog/tup-mide-ameliyati-sonrasi-folat.html,tup-mide-ameliyati-sonrasi-folat.html
22,Tüp Mide / Sleeve Gastrektomi,Tüp mide ameliyatı sonrası kilo verme süreci,blog/tup-mide-sonrasi-kilo-verme-sureci.html,tup-mide-sonrasi-kilo-verme-sureci.html
23,Tüp Mide / Sleeve Gastrektomi,Tüp mide ameliyatı sonrası kilo verme hızı,blog/tup-mide-ameliyati-sonrasi-kilo-verme-hizi.html,tup-mide-ameliyati-sonrasi-kilo-verme-hizi.html
24,Tüp Mide / Sleeve Gastrektomi,Tüp mide ameliyatı sonrası kilo kaybı ne zaman yavaşlar?,blog/tup-mide-ameliyati-sonrasi-kilo-kaybi-ne-zaman-yavaslar.html,tup-mide-ameliyati-sonrasi-kilo-kaybi-ne-zaman-yavaslar.html
25,Tüp Mide / Sleeve Gastrektomi,Tüp mide ameliyatı sonrası kilo verme durması,blog/tup-mide-ameliyati-sonrasi-kilo-verme-durmasi.html,tup-mide-ameliyati-sonrasi-kilo-verme-durmasi.html
26,Tüp Mide / Sleeve Gastrektomi,Tüp mide ameliyatı sonrası kilo geri alımı,blog/tup-mide-ameliyati-sonrasi-kilo-geri-alimi.html,tup-mide-ameliyati-sonrasi-kilo-geri-alimi.html
27,Tüp Mide / Sleeve Gastrektomi,Tüp mide ameliyatı sonrası egzersiz,blog/tup-mide-ameliyati-sonrasi-egzersiz.html,tup-mide-ameliyati-sonrasi-egzersiz.html
28,Tüp Mide / Sleeve Gastrektomi,Tüp mide ameliyatı sonrası yürüyüş,blog/tup-mide-ameliyati-sonrasi-yuruyus.html,tup-mide-ameliyati-sonrasi-yuruyus.html
29,Tüp Mide / Sleeve Gastrektomi,Tüp mide ameliyatı sonrası uyku,blog/tup-mide-ameliyati-sonrasi-uyku.html,tup-mide-ameliyati-sonrasi-uyku.html
30,Tüp Mide / Sleeve Gastrektomi,Tüp mide ameliyatı sonrası işe dönüş,blog/tup-mide-ameliyati-sonrasi-ise-donus.html,tup-mide-ameliyati-sonrasi-ise-donus.html
31,Tüp Mide / Sleeve Gastrektomi,Tüp mide ameliyatı sonrası günlük yaşam,blog/tup-mide-ameliyati-sonrasi-gunluk-yasam.html,tup-mide-ameliyati-sonrasi-gunluk-yasam.html
32,Tüp Mide / Sleeve Gastrektomi,Tüp mide ameliyatı sonrası reflü,blog/tup-mide-ameliyati-sonrasi-reflu.html,tup-mide-ameliyati-sonrasi-reflu.html
33,Tüp Mide / Sleeve Gastrektomi,Tüp mide ameliyatı sonrası bulantı ve kusma,blog/tup-mide-ameliyati-sonrasi-bulanti-ve-kusma.html,tup-mide-ameliyati-sonrasi-bulanti-ve-kusma.html
34,Tüp Mide / Sleeve Gastrektomi,Tüp mide ameliyatı sonrası kabızlık,blog/tup-mide-ameliyati-sonrasi-kabizlik.html,tup-mide-ameliyati-sonrasi-kabizlik.html
35,Tüp Mide / Sleeve Gastrektomi,Tüp mide ameliyatı sonrası ishal,blog/tup-mide-ameliyati-sonrasi-ishal.html,tup-mide-ameliyati-sonrasi-ishal.html
36,Tüp Mide / Sleeve Gastrektomi,Tüp mide ameliyatı sonrası susuzluk,blog/tup-mide-ameliyati-sonrasi-susuzluk.html,tup-mide-ameliyati-sonrasi-susuzluk.html
37,Tüp Mide / Sleeve Gastrektomi,Tüp mide ameliyatı riskleri ve komplikasyonları,blog/tup-mide-ameliyati-riskleri-ve-komplikasyonlari.html,tup-mide-ameliyati-riskleri-ve-komplikasyonlari.html
38,Tüp Mide / Sleeve Gastrektomi,Tüp mide ameliyatı sonrası kaçak,blog/tup-mide-ameliyati-sonrasi-kacak.html,tup-mide-ameliyati-sonrasi-kacak.html
39,Tüp Mide / Sleeve Gastrektomi,Tüp mide ameliyatı sonrası kanama,blog/tup-mide-ameliyati-sonrasi-kanama.html,tup-mide-ameliyati-sonrasi-kanama.html
40,Tüp Mide / Sleeve Gastrektomi,Tüp mide ameliyatı sonrası safra taşı,blog/tup-mide-ameliyati-sonrasi-safra-tasi.html,tup-mide-ameliyati-sonrasi-safra-tasi.html
41,Obezite Cerrahisi,Obezite cerrahisi nedir?,blog/obezite-cerrahisi-nedir.html,obezite-cerrahisi-nedir.html
42,Obezite Cerrahisi,Obezite cerrahisi yöntemleri nelerdir?,blog/obezite-cerrahisi-yontemleri.html,obezite-cerrahisi-yontemleri.html
43,Obezite Cerrahisi,Obezite cerrahisi kimlere uygulanır?,blog/obezite-cerrahisi-kimlere-uygulanir.html,obezite-cerrahisi-kimlere-uygulanir.html
44,Obezite Cerrahisi,Obezite cerrahisi için VKİ değerlendirmesi,blog/obezite-cerrahisi-bmi-vki-nasil-degerlendirilir.html,obezite-cerrahisi-bmi-vki-nasil-degerlendirilir.html
45,Obezite Cerrahisi,Obezite cerrahisi için yaş değerlendirmesi,blog/obezite-cerrahisi-icin-yas-degerlendirmesi.html,obezite-cerrahisi-icin-yas-degerlendirmesi.html
46,Obezite Cerrahisi,Obezite cerrahisi öncesi muayene,blog/obezite-cerrahisi-oncesi-muayene.html,obezite-cerrahisi-oncesi-muayene.html
47,Obezite Cerrahisi,Obezite cerrahisi öncesi kan tetkikleri,blog/obezite-cerrahisi-oncesi-kan-tetkikleri.html,obezite-cerrahisi-oncesi-kan-tetkikleri.html
48,Obezite Cerrahisi,Obezite cerrahisi öncesi beslenme hazırlığı,blog/obezite-cerrahisi-oncesi-beslenme-hazirligi.html,obezite-cerrahisi-oncesi-beslenme-hazirligi.html
49,Obezite Cerrahisi,Obezite cerrahisi öncesi psikolojik değerlendirme,blog/obezite-cerrahisi-oncesi-psikolojik-degerlendirme.html,obezite-cerrahisi-oncesi-psikolojik-degerlendirme.html
50,Obezite Cerrahisi,Obezite cerrahisi öncesi anestezi değerlendirmesi,blog/obezite-cerrahisi-oncesi-anestezi-degerlendirmesi.html,obezite-cerrahisi-oncesi-anestezi-degerlendirmesi.html
51,Obezite Cerrahisi,Obezite cerrahisi sonrası takip,blog/obezite-cerrahisi-sonrasi-takip.html,obezite-cerrahisi-sonrasi-takip.html
52,Obezite Cerrahisi,Obezite cerrahisi sonrası beslenme,blog/obezite-cerrahisi-sonrasi-beslenme.html,obezite-cerrahisi-sonrasi-beslenme.html
53,Obezite Cerrahisi,Obezite cerrahisi sonrası protein,blog/obezite-cerrahisi-sonrasi-protein.html,obezite-cerrahisi-sonrasi-protein.html
54,Obezite Cerrahisi,Obezite cerrahisi sonrası vitaminler,blog/obezite-cerrahisi-sonrasi-vitaminler.html,obezite-cerrahisi-sonrasi-vitaminler.html
55,Obezite Cerrahisi,Obezite cerrahisi sonrası mineral eksiklikleri,blog/obezite-cerrahisi-sonrasi-mineral-eksiklikleri.html,obezite-cerrahisi-sonrasi-mineral-eksiklikleri.html
56,Obezite Cerrahisi,Obezite cerrahisi sonrası egzersiz,blog/obezite-cerrahisi-sonrasi-spor-ve-hareket.html,obezite-cerrahisi-sonrasi-spor-ve-hareket.html
57,Obezite Cerrahisi,Obezite cerrahisi sonrası kilo kaybı,blog/obezite-cerrahisi-sonrasi-kilo-kaybi.html,obezite-cerrahisi-sonrasi-kilo-kaybi.html
58,Obezite Cerrahisi,Obezite cerrahisi sonrası kilo geri alımı,blog/obezite-cerrahisi-sonrasi-kilo-geri-alimi.html,obezite-cerrahisi-sonrasi-kilo-geri-alimi.html
59,Obezite Cerrahisi,Obezite cerrahisi komplikasyonları,blog/obezite-cerrahisi-komplikasyonlari.html,obezite-cerrahisi-komplikasyonlari.html
60,Obezite Cerrahisi,Obezite cerrahisi erken dönem komplikasyonları,blog/obezite-cerrahisi-erken-donem-komplikasyonlari.html,obezite-cerrahisi-erken-donem-komplikasyonlari.html
61,Obezite Cerrahisi,Obezite cerrahisi geç dönem komplikasyonları,blog/obezite-cerrahisi-gec-donem-komplikasyonlari.html,obezite-cerrahisi-gec-donem-komplikasyonlari.html
62,Obezite Cerrahisi,Obezite cerrahisi ve reflü,blog/obezite-cerrahisi-ve-reflu.html,obezite-cerrahisi-ve-reflu.html
63,Obezite Cerrahisi,Obezite cerrahisi ve safra taşı,blog/obezite-cerrahisi-ve-safra-tasi.html,obezite-cerrahisi-ve-safra-tasi.html
64,Obezite Cerrahisi,Obezite cerrahisi ve demir eksikliği,blog/obezite-cerrahisi-ve-demir-eksikligi.html,obezite-cerrahisi-ve-demir-eksikligi.html
65,Obezite Cerrahisi,Obezite cerrahisi ve B12 eksikliği,blog/obezite-cerrahisi-ve-b12-eksikligi.html,obezite-cerrahisi-ve-b12-eksikligi.html
66,Obezite Cerrahisi,Obezite cerrahisi ve D vitamini,blog/obezite-cerrahisi-ve-d-vitamini.html,obezite-cerrahisi-ve-d-vitamini.html
67,Obezite Cerrahisi,Obezite cerrahisi ve gebelik,blog/obezite-cerrahisi-ve-gebelik.html,obezite-cerrahisi-ve-gebelik.html
68,Obezite Cerrahisi,Obezite cerrahisi ve diyabet,blog/obezite-cerrahisi-ve-diyabet.html,obezite-cerrahisi-ve-diyabet.html
69,Obezite Cerrahisi,Obezite cerrahisi ve hipertansiyon,blog/obezite-cerrahisi-ve-hipertansiyon.html,obezite-cerrahisi-ve-hipertansiyon.html
70,Obezite Cerrahisi,Obezite cerrahisi ve uyku apnesi,blog/obezite-cerrahisi-ve-uyku-apnesi.html,obezite-cerrahisi-ve-uyku-apnesi.html
71,Obezite Cerrahisi,Obezite cerrahisi ve karaciğer yağlanması,blog/obezite-cerrahisi-ve-karaciger-yaglanmasi.html,obezite-cerrahisi-ve-karaciger-yaglanmasi.html
72,Obezite Cerrahisi,Obezite cerrahisi ve eklem sorunları,blog/obezite-cerrahisi-ve-eklem-sorunlari.html,obezite-cerrahisi-ve-eklem-sorunlari.html
73,Obezite Cerrahisi,Obezite cerrahisinde laparoskopik yaklaşım,blog/obezite-cerrahisinde-laparoskopik-yaklasim.html,obezite-cerrahisinde-laparoskopik-yaklasim.html
74,Obezite Cerrahisi,Obezite cerrahisinde hastane süreci,blog/obezite-cerrahisinde-hastane-sureci.html,obezite-cerrahisinde-hastane-sureci.html
75,Obezite Cerrahisi,Obezite cerrahisi sonrası işe dönüş,blog/obezite-cerrahisi-sonrasi-ise-donus.html,obezite-cerrahisi-sonrasi-ise-donus.html
76,Obezite Cerrahisi,Obezite cerrahisi sonrası yaşam tarzı,blog/obezite-cerrahisi-sonrasi-yasam-tarzi.html,obezite-cerrahisi-sonrasi-yasam-tarzi.html
77,Obezite Cerrahisi,Obezite cerrahisi sonrası düzenli kontroller,blog/obezite-cerrahisi-sonrasi-duzenli-kontroller.html,obezite-cerrahisi-sonrasi-duzenli-kontroller.html
78,Obezite Cerrahisi,Obezite cerrahisi sonrası laboratuvar takibi,blog/obezite-cerrahisi-sonrasi-laboratuvar-takibi.html,obezite-cerrahisi-sonrasi-laboratuvar-takibi.html
79,Obezite Cerrahisi,Obezite cerrahisi sonrası beslenme hataları,blog/obezite-cerrahisi-sonrasi-beslenme-hatalari.html,obezite-cerrahisi-sonrasi-beslenme-hatalari.html
80,Obezite Cerrahisi,Obezite cerrahisi sonrası sürdürülebilir kilo yönetimi,blog/obezite-cerrahisi-sonrasi-surdurulebilir-kilo-yonetimi.html,obezite-cerrahisi-sonrasi-surdurulebilir-kilo-yonetimi.html
81,Metabolik Cerrahi,Metabolik cerrahi nedir?,blog/metabolik-cerrahi-nedir.html,metabolik-cerrahi-nedir.html
82,Metabolik Cerrahi,Metabolik cerrahi kimlere uygulanır?,blog/metabolik-cerrahi-kimlere-uygulanir.html,metabolik-cerrahi-kimlere-uygulanir.html
83,Metabolik Cerrahi,Metabolik cerrahi yöntemleri,blog/metabolik-cerrahi-yontemleri.html,metabolik-cerrahi-yontemleri.html
84,Metabolik Cerrahi,Metabolik cerrahi ve Tip 2 diyabet,blog/metabolik-cerrahi-tip-2-diyabet.html,metabolik-cerrahi-tip-2-diyabet.html
85,Metabolik Cerrahi,Metabolik cerrahi ve insülin kullanımı,blog/metabolik-cerrahi-ve-insulin-kullanimi.html,metabolik-cerrahi-ve-insulin-kullanimi.html
86,Metabolik Cerrahi,Metabolik cerrahi ve insülin direnci,blog/metabolik-cerrahi-ve-insulin-direnci.html,metabolik-cerrahi-ve-insulin-direnci.html
87,Metabolik Cerrahi,Metabolik cerrahi ve metabolik sendrom,blog/metabolik-cerrahi-ve-metabolik-sendrom.html,metabolik-cerrahi-ve-metabolik-sendrom.html
88,Metabolik Cerrahi,Metabolik cerrahi sonrası kan şekeri takibi,blog/metabolik-cerrahi-sonrasi-kan-sekeri-takibi.html,metabolik-cerrahi-sonrasi-kan-sekeri-takibi.html
89,Metabolik Cerrahi,Metabolik cerrahi sonrası diyabet ilaçları,blog/metabolik-cerrahi-sonrasi-diyabet-ilaclari.html,metabolik-cerrahi-sonrasi-diyabet-ilaclari.html
90,Metabolik Cerrahi,Metabolik cerrahi sonrası diyabet remisyonu,blog/metabolik-cerrahi-sonrasi-diyabet-remisyonu.html,metabolik-cerrahi-sonrasi-diyabet-remisyonu.html
91,Metabolik Cerrahi,Metabolik cerrahi sonrası uzun dönem diyabet takibi,blog/metabolik-cerrahi-sonrasi-uzun-donem-diyabet-takibi.html,metabolik-cerrahi-sonrasi-uzun-donem-diyabet-takibi.html
92,Metabolik Cerrahi,Metabolik cerrahi öncesi değerlendirme,blog/metabolik-cerrahi-oncesi-degerlendirme.html,metabolik-cerrahi-oncesi-degerlendirme.html
93,Metabolik Cerrahi,Metabolik cerrahi öncesi endokrinoloji değerlendirmesi,blog/metabolik-cerrahi-oncesi-endokrinoloji-degerlendirmesi.html,metabolik-cerrahi-oncesi-endokrinoloji-degerlendirmesi.html
94,Metabolik Cerrahi,Metabolik cerrahi sonrası beslenme,blog/metabolik-cerrahi-sonrasi-beslenme.html,metabolik-cerrahi-sonrasi-beslenme.html
95,Metabolik Cerrahi,Metabolik cerrahi sonrası protein,blog/metabolik-cerrahi-sonrasi-protein.html,metabolik-cerrahi-sonrasi-protein.html
96,Metabolik Cerrahi,Metabolik cerrahi sonrası vitamin takibi,blog/metabolik-cerrahi-sonrasi-vitamin-takibi.html,metabolik-cerrahi-sonrasi-vitamin-takibi.html
97,Metabolik Cerrahi,Metabolik cerrahi sonrası kilo kaybı,blog/metabolik-cerrahi-sonrasi-kilo-kaybi.html,metabolik-cerrahi-sonrasi-kilo-kaybi.html
98,Metabolik Cerrahi,Metabolik cerrahi sonrası kilo geri alımı,blog/metabolik-cerrahi-sonrasi-kilo-geri-alimi.html,metabolik-cerrahi-sonrasi-kilo-geri-alimi.html
99,Metabolik Cerrahi,Metabolik cerrahi komplikasyonları,blog/metabolik-cerrahi-komplikasyonlari.html,metabolik-cerrahi-komplikasyonlari.html
100,Metabolik Cerrahi,Metabolik cerrahi ve hipertansiyon,blog/metabolik-cerrahi-ve-hipertansiyon.html,metabolik-cerrahi-ve-hipertansiyon.html
101,Metabolik Cerrahi,Metabolik cerrahi ve kolesterol,blog/metabolik-cerrahi-ve-kolesterol.html,metabolik-cerrahi-ve-kolesterol.html
102,Metabolik Cerrahi,Metabolik cerrahi ve yağlı karaciğer,blog/metabolik-cerrahi-ve-yagli-karaciger.html,metabolik-cerrahi-ve-yagli-karaciger.html
103,Metabolik Cerrahi,Metabolik cerrahi ve uyku apnesi,blog/metabolik-cerrahi-ve-uyku-apnesi.html,metabolik-cerrahi-ve-uyku-apnesi.html
104,Metabolik Cerrahi,Metabolik cerrahi ve kardiyometabolik risk,blog/metabolik-cerrahi-ve-kardiyometabolik-risk.html,metabolik-cerrahi-ve-kardiyometabolik-risk.html
105,Metabolik Cerrahi,Metabolik cerrahi ve yaşam kalitesi,blog/metabolik-cerrahi-ve-yasam-kalitesi.html,metabolik-cerrahi-ve-yasam-kalitesi.html
106,Metabolik Cerrahi,Metabolik cerrahi sonrası egzersiz,blog/metabolik-cerrahi-sonrasi-egzersiz.html,metabolik-cerrahi-sonrasi-egzersiz.html
107,Metabolik Cerrahi,Metabolik cerrahi sonrası düzenli takip,blog/metabolik-cerrahi-sonrasi-duzenli-takip.html,metabolik-cerrahi-sonrasi-duzenli-takip.html
108,Metabolik Cerrahi,Metabolik cerrahi için hasta seçimi,blog/metabolik-cerrahi-icin-hasta-secimi.html,metabolik-cerrahi-icin-hasta-secimi.html
109,Metabolik Cerrahi,Metabolik cerrahi ile obezite cerrahisi arasındaki ilişki,blog/metabolik-cerrahi-ile-obezite-cerrahisi-arasindaki-iliski.html,metabolik-cerrahi-ile-obezite-cerrahisi-arasindaki-iliski.html
110,Metabolik Cerrahi,Metabolik cerrahi ile tüp mide arasındaki ilişki,blog/metabolik-cerrahi-ile-tup-mide-arasindaki-iliski.html,metabolik-cerrahi-ile-tup-mide-arasindaki-iliski.html
111,Metabolik Cerrahi,Metabolik cerrahi ile gastrik bypass arasındaki ilişki,blog/metabolik-cerrahi-ile-gastrik-bypass-arasindaki-iliski.html,metabolik-cerrahi-ile-gastrik-bypass-arasindaki-iliski.html
112,Metabolik Cerrahi,Tip 2 diyabette cerrahi tedavi değerlendirmesi,blog/tip-2-diyabette-cerrahi-tedavi-degerlendirmesi.html,tip-2-diyabette-cerrahi-tedavi-degerlendirmesi.html
113,Metabolik Cerrahi,Obezite ve Tip 2 diyabette cerrahi yaklaşım,blog/obezite-ve-tip-2-diyabette-cerrahi-yaklasim.html,obezite-ve-tip-2-diyabette-cerrahi-yaklasim.html
114,Metabolik Cerrahi,Metabolik cerrahide hedefler,blog/metabolik-cerrahide-hedefler.html,metabolik-cerrahide-hedefler.html
115,Metabolik Cerrahi,Metabolik cerrahi sonrası ilaç düzenlemesi,blog/metabolik-cerrahi-sonrasi-ilac-duzenlemesi.html,metabolik-cerrahi-sonrasi-ilac-duzenlemesi.html
116,Metabolik Cerrahi,Metabolik cerrahi sonrası beslenme eksiklikleri,blog/metabolik-cerrahi-sonrasi-beslenme-eksiklikleri.html,metabolik-cerrahi-sonrasi-beslenme-eksiklikleri.html
117,Metabolik Cerrahi,Metabolik cerrahi sonrası kan tahlilleri,blog/metabolik-cerrahi-sonrasi-kan-tahlilleri.html,metabolik-cerrahi-sonrasi-kan-tahlilleri.html
118,Metabolik Cerrahi,Metabolik cerrahi sonrası uzun dönem yaşam,blog/metabolik-cerrahi-sonrasi-uzun-donem-yasam.html,metabolik-cerrahi-sonrasi-uzun-donem-yasam.html
119,Metabolik Cerrahi,Metabolik cerrahi hakkında sık sorulan sorular,blog/metabolik-cerrahi-hakkinda-sik-sorulan-sorular.html,metabolik-cerrahi-hakkinda-sik-sorulan-sorular.html
120,Metabolik Cerrahi,Metabolik cerrahi karar süreci,blog/metabolik-cerrahi-karar-sureci.html,metabolik-cerrahi-karar-sureci.html
121,Gastrik Bypass,Gastrik bypass nedir?,blog/gastrik-bypass-nedir.html,gastrik-bypass-nedir.html
122,Gastrik Bypass,Gastrik bypass nasıl yapılır?,blog/gastrik-bypass-nasil-yapilir.html,gastrik-bypass-nasil-yapilir.html
123,Gastrik Bypass,Gastrik bypass kimlere uygulanır?,blog/gastrik-bypass-kimlere-uygulanir.html,gastrik-bypass-kimlere-uygulanir.html
124,Gastrik Bypass,Roux-en-Y gastrik bypass nedir?,blog/roux-en-y-gastrik-bypass-nedir.html,roux-en-y-gastrik-bypass-nedir.html
125,Gastrik Bypass,Gastrik bypass öncesi değerlendirme,blog/gastrik-bypass-oncesi-degerlendirme.html,gastrik-bypass-oncesi-degerlendirme.html
126,Gastrik Bypass,Gastrik bypass öncesi hazırlık,blog/gastrik-bypass-oncesi-hazirlik.html,gastrik-bypass-oncesi-hazirlik.html
127,Gastrik Bypass,Gastrik bypass sonrası ilk gün,blog/gastrik-bypass-sonrasi-ilk-gun.html,gastrik-bypass-sonrasi-ilk-gun.html
128,Gastrik Bypass,Gastrik bypass sonrası ilk hafta,blog/gastrik-bypass-sonrasi-ilk-hafta.html,gastrik-bypass-sonrasi-ilk-hafta.html
129,Gastrik Bypass,Gastrik bypass sonrası ilk ay,blog/gastrik-bypass-sonrasi-ilk-ay.html,gastrik-bypass-sonrasi-ilk-ay.html
130,Gastrik Bypass,Gastrik bypass sonrası beslenme,blog/gastrik-bypass-sonrasi-beslenme.html,gastrik-bypass-sonrasi-beslenme.html
131,Gastrik Bypass,Gastrik bypass sonrası sıvı tüketimi,blog/gastrik-bypass-sonrasi-sivi-tuketimi.html,gastrik-bypass-sonrasi-sivi-tuketimi.html
132,Gastrik Bypass,Gastrik bypass sonrası protein,blog/gastrik-bypass-sonrasi-protein.html,gastrik-bypass-sonrasi-protein.html
133,Gastrik Bypass,Gastrik bypass sonrası vitaminler,blog/gastrik-bypass-sonrasi-vitaminler.html,gastrik-bypass-sonrasi-vitaminler.html
134,Gastrik Bypass,Gastrik bypass sonrası B12,blog/gastrik-bypass-sonrasi-b12.html,gastrik-bypass-sonrasi-b12.html
135,Gastrik Bypass,Gastrik bypass sonrası demir,blog/gastrik-bypass-sonrasi-demir.html,gastrik-bypass-sonrasi-demir.html
136,Gastrik Bypass,Gastrik bypass sonrası D vitamini,blog/gastrik-bypass-sonrasi-d-vitamini.html,gastrik-bypass-sonrasi-d-vitamini.html
137,Gastrik Bypass,Gastrik bypass sonrası kalsiyum,blog/gastrik-bypass-sonrasi-kalsiyum.html,gastrik-bypass-sonrasi-kalsiyum.html
138,Gastrik Bypass,Gastrik bypass sonrası folat,blog/gastrik-bypass-sonrasi-folat.html,gastrik-bypass-sonrasi-folat.html
139,Gastrik Bypass,Gastrik bypass sonrası kilo kaybı,blog/gastrik-bypass-sonrasi-kilo-kaybi.html,gastrik-bypass-sonrasi-kilo-kaybi.html
140,Gastrik Bypass,Gastrik bypass sonrası kilo geri alımı,blog/gastrik-bypass-sonrasi-kilo-geri-alimi.html,gastrik-bypass-sonrasi-kilo-geri-alimi.html
141,Gastrik Bypass,Gastrik bypass sonrası egzersiz,blog/gastrik-bypass-sonrasi-egzersiz.html,gastrik-bypass-sonrasi-egzersiz.html
142,Gastrik Bypass,Gastrik bypass sonrası yaşam,blog/gastrik-bypass-sonrasi-yasam.html,gastrik-bypass-sonrasi-yasam.html
143,Gastrik Bypass,Gastrik bypass sonrası reflü,blog/gastrik-bypass-sonrasi-reflu.html,gastrik-bypass-sonrasi-reflu.html
144,Gastrik Bypass,Gastrik bypass sonrası dumping sendromu,blog/gastrik-bypass-sonrasi-dumping-sendromu.html,gastrik-bypass-sonrasi-dumping-sendromu.html
145,Gastrik Bypass,Gastrik bypass sonrası bulantı ve kusma,blog/gastrik-bypass-sonrasi-bulanti-ve-kusma.html,gastrik-bypass-sonrasi-bulanti-ve-kusma.html
146,Gastrik Bypass,Gastrik bypass sonrası kabızlık,blog/gastrik-bypass-sonrasi-kabizlik.html,gastrik-bypass-sonrasi-kabizlik.html
147,Gastrik Bypass,Gastrik bypass sonrası ishal,blog/gastrik-bypass-sonrasi-ishal.html,gastrik-bypass-sonrasi-ishal.html
148,Gastrik Bypass,Gastrik bypass riskleri,blog/gastrik-bypass-riskleri.html,gastrik-bypass-riskleri.html
149,Gastrik Bypass,Gastrik bypass komplikasyonları,blog/gastrik-bypass-komplikasyonlari.html,gastrik-bypass-komplikasyonlari.html
150,Gastrik Bypass,Gastrik bypass sonrası kaçak,blog/gastrik-bypass-sonrasi-kacak.html,gastrik-bypass-sonrasi-kacak.html
151,Gastrik Bypass,Gastrik bypass sonrası kanama,blog/gastrik-bypass-sonrasi-kanama.html,gastrik-bypass-sonrasi-kanama.html
152,Gastrik Bypass,Gastrik bypass sonrası ülser,blog/gastrik-bypass-sonrasi-ulser.html,gastrik-bypass-sonrasi-ulser.html
153,Gastrik Bypass,Gastrik bypass sonrası safra taşı,blog/gastrik-bypass-sonrasi-safra-tasi.html,gastrik-bypass-sonrasi-safra-tasi.html
154,Gastrik Bypass,Gastrik bypass ve Tip 2 diyabet,blog/gastrik-bypass-ve-tip-2-diyabet.html,gastrik-bypass-ve-tip-2-diyabet.html
155,Gastrik Bypass,Gastrik bypass ve hipertansiyon,blog/gastrik-bypass-ve-hipertansiyon.html,gastrik-bypass-ve-hipertansiyon.html
156,Gastrik Bypass,Gastrik bypass ve uyku apnesi,blog/gastrik-bypass-ve-uyku-apnesi.html,gastrik-bypass-ve-uyku-apnesi.html
157,Gastrik Bypass,Gastrik bypass ve karaciğer yağlanması,blog/gastrik-bypass-ve-karaciger-yaglanmasi.html,gastrik-bypass-ve-karaciger-yaglanmasi.html
158,Gastrik Bypass,Gastrik bypass sonrası laboratuvar takibi,blog/gastrik-bypass-sonrasi-laboratuvar-takibi.html,gastrik-bypass-sonrasi-laboratuvar-takibi.html
159,Gastrik Bypass,Gastrik bypass sonrası uzun dönem takip,blog/gastrik-bypass-sonrasi-uzun-donem-takip.html,gastrik-bypass-sonrasi-uzun-donem-takip.html
160,Gastrik Bypass,Gastrik bypass ile tüp mide farkı,blog/gastrik-bypass-ile-tup-mide-farki.html,gastrik-bypass-ile-tup-mide-farki.html
161,Revizyon Cerrahisi,Revizyon bariatrik cerrahi nedir?,blog/revizyon-cerrahisi-nedir.html,revizyon-cerrahisi-nedir.html
162,Revizyon Cerrahisi,Revizyon cerrahisi kimlere uygulanır?,blog/revizyon-cerrahisi-kimlere-uygulanir.html,revizyon-cerrahisi-kimlere-uygulanir.html
163,Revizyon Cerrahisi,Revizyon cerrahisi neden yapılır?,blog/revizyon-cerrahisi-neden-yapilir.html,revizyon-cerrahisi-neden-yapilir.html
164,Revizyon Cerrahisi,Tüp mide sonrası revizyon,blog/tup-mide-sonrasi-revizyon.html,tup-mide-sonrasi-revizyon.html
165,Revizyon Cerrahisi,Gastrik bypass sonrası revizyon,blog/gastrik-bypass-sonrasi-revizyon.html,gastrik-bypass-sonrasi-revizyon.html
166,Revizyon Cerrahisi,Tüp mide sonrası kilo geri alımında revizyon,blog/tup-mide-sonrasi-kilo-geri-aliminda-revizyon.html,tup-mide-sonrasi-kilo-geri-aliminda-revizyon.html
167,Revizyon Cerrahisi,Tüp mide sonrası reflüde revizyon,blog/tup-mide-sonrasi-reflude-revizyon.html,tup-mide-sonrasi-reflude-revizyon.html
168,Revizyon Cerrahisi,Tüp mide sonrası komplikasyonda revizyon,blog/tup-mide-sonrasi-komplikasyonda-revizyon.html,tup-mide-sonrasi-komplikasyonda-revizyon.html
169,Revizyon Cerrahisi,Gastrik bypass sonrası kilo geri alımında revizyon,blog/gastrik-bypass-sonrasi-kilo-geri-aliminda-revizyon.html,gastrik-bypass-sonrasi-kilo-geri-aliminda-revizyon.html
170,Revizyon Cerrahisi,Başarısız obezite ameliyatı sonrası seçenekler,blog/basarisiz-obezite-ameliyati-sonrasi-secenekler.html,basarisiz-obezite-ameliyati-sonrasi-secenekler.html
171,Revizyon Cerrahisi,Revizyon cerrahisi öncesi değerlendirme,blog/revizyon-cerrahisi-oncesi-degerlendirme.html,revizyon-cerrahisi-oncesi-degerlendirme.html
172,Revizyon Cerrahisi,Revizyon cerrahisi öncesi endoskopi,blog/revizyon-cerrahisi-oncesi-endoskopi.html,revizyon-cerrahisi-oncesi-endoskopi.html
173,Revizyon Cerrahisi,Revizyon cerrahisi öncesi görüntüleme,blog/revizyon-cerrahisi-oncesi-goruntuleme.html,revizyon-cerrahisi-oncesi-goruntuleme.html
174,Revizyon Cerrahisi,Revizyon cerrahisi sonrası beslenme,blog/revizyon-cerrahisi-sonrasi-beslenme.html,revizyon-cerrahisi-sonrasi-beslenme.html
175,Revizyon Cerrahisi,Revizyon cerrahisi sonrası vitamin takibi,blog/revizyon-cerrahisi-sonrasi-vitamin-takibi.html,revizyon-cerrahisi-sonrasi-vitamin-takibi.html
176,Revizyon Cerrahisi,Revizyon cerrahisi sonrası kilo kaybı,blog/revizyon-cerrahisi-sonrasi-kilo-kaybi.html,revizyon-cerrahisi-sonrasi-kilo-kaybi.html
177,Revizyon Cerrahisi,Revizyon cerrahisi sonrası kilo geri alımı,blog/revizyon-cerrahisi-sonrasi-kilo-geri-alimi.html,revizyon-cerrahisi-sonrasi-kilo-geri-alimi.html
178,Revizyon Cerrahisi,Revizyon cerrahisi riskleri,blog/revizyon-cerrahisi-riskleri.html,revizyon-cerrahisi-riskleri.html
179,Revizyon Cerrahisi,Revizyon cerrahisi komplikasyonları,blog/revizyon-cerrahisi-komplikasyonlari.html,revizyon-cerrahisi-komplikasyonlari.html
180,Revizyon Cerrahisi,Revizyon cerrahisinde kaçak riski,blog/revizyon-cerrahisinde-kacak-riski.html,revizyon-cerrahisinde-kacak-riski.html
181,Revizyon Cerrahisi,Revizyon cerrahisinde kanama riski,blog/revizyon-cerrahisinde-kanama-riski.html,revizyon-cerrahisinde-kanama-riski.html
182,Revizyon Cerrahisi,Tüp mideyi gastrik bypassa çevirme,blog/tup-mideyi-gastrik-bypassa-cevirme.html,tup-mideyi-gastrik-bypassa-cevirme.html
183,Revizyon Cerrahisi,Gastrik bypassa dönüşüm hangi durumlarda değerlendirilir?,blog/gastrik-bypassa-donusum-hangi-durumlarda-degerlendirilir.html,gastrik-bypassa-donusum-hangi-durumlarda-degerlendirilir.html
184,Revizyon Cerrahisi,Revizyon cerrahisi ve reflü,blog/revizyon-cerrahisi-ve-reflu.html,revizyon-cerrahisi-ve-reflu.html
185,Revizyon Cerrahisi,Revizyon cerrahisi ve beslenme eksiklikleri,blog/revizyon-cerrahisi-ve-beslenme-eksiklikleri.html,revizyon-cerrahisi-ve-beslenme-eksiklikleri.html
186,Revizyon Cerrahisi,Revizyon cerrahisi ve diyabet,blog/revizyon-cerrahisi-ve-diyabet.html,revizyon-cerrahisi-ve-diyabet.html
187,Revizyon Cerrahisi,Revizyon cerrahisi sonrası uzun dönem takip,blog/revizyon-cerrahisi-sonrasi-uzun-donem-takip.html,revizyon-cerrahisi-sonrasi-uzun-donem-takip.html
188,Revizyon Cerrahisi,Revizyon cerrahisi sonrası egzersiz,blog/revizyon-cerrahisi-sonrasi-egzersiz.html,revizyon-cerrahisi-sonrasi-egzersiz.html
189,Revizyon Cerrahisi,Revizyon cerrahisi sonrası yaşam,blog/revizyon-cerrahisi-sonrasi-yasam.html,revizyon-cerrahisi-sonrasi-yasam.html
190,Revizyon Cerrahisi,Revizyon cerrahisi karar süreci,blog/revizyon-cerrahisi-karar-sureci.html,revizyon-cerrahisi-karar-sureci.html
191,Revizyon Cerrahisi,Revizyon cerrahisi için ikinci görüş,blog/revizyon-cerrahisi-icin-ikinci-gorus.html,revizyon-cerrahisi-icin-ikinci-gorus.html
192,Revizyon Cerrahisi,Önceki ameliyat kayıtlarının revizyon değerlendirmesindeki önemi,blog/onceki-ameliyat-kayitlarinin-revizyon-degerlendirmesindeki-onemi.html,onceki-ameliyat-kayitlarinin-revizyon-degerlendirmesindeki-onemi.html
193,Revizyon Cerrahisi,Revizyon cerrahisinde anatomik değerlendirme,blog/revizyon-cerrahisinde-anatomik-degerlendirme.html,revizyon-cerrahisinde-anatomik-degerlendirme.html
194,Revizyon Cerrahisi,Revizyon cerrahisinde endoskopik değerlendirme,blog/revizyon-cerrahisinde-endoskopik-degerlendirme.html,revizyon-cerrahisinde-endoskopik-degerlendirme.html
195,Revizyon Cerrahisi,Revizyon cerrahisinde risklerin değerlendirilmesi,blog/revizyon-cerrahisinde-risklerin-degerlendirilmesi.html,revizyon-cerrahisinde-risklerin-degerlendirilmesi.html
196,Revizyon Cerrahisi,Revizyon cerrahisinde yöntem seçimi,blog/revizyon-cerrahisinde-yontem-secimi.html,revizyon-cerrahisinde-yontem-secimi.html
197,Revizyon Cerrahisi,Revizyon cerrahisi hakkında sık sorulan sorular,blog/revizyon-cerrahisi-hakkinda-sik-sorulan-sorular.html,revizyon-cerrahisi-hakkinda-sik-sorulan-sorular.html
198,Revizyon Cerrahisi,Revizyon cerrahisi sonrası kontroller,blog/revizyon-cerrahisi-sonrasi-kontroller.html,revizyon-cerrahisi-sonrasi-kontroller.html
199,Revizyon Cerrahisi,Revizyon cerrahisi sonrası vitamin ve mineral eksiklikleri,blog/revizyon-cerrahisi-sonrasi-vitamin-ve-mineral-eksiklikleri.html,revizyon-cerrahisi-sonrasi-vitamin-ve-mineral-eksiklikleri.html
200,Revizyon Cerrahisi,Revizyon cerrahisi sonrası kilo yönetimi,blog/revizyon-cerrahisi-sonrasi-kilo-yonetimi.html,revizyon-cerrahisi-sonrasi-kilo-yonetimi.html
201,Gastrik Balon,Gastrik balon nedir?,blog/mide-balonu-nedir.html,mide-balonu-nedir.html
202,Gastrik Balon,Gastrik balon nasıl uygulanır?,blog/gastrik-balon-nasil-uygulanir.html,gastrik-balon-nasil-uygulanir.html
203,Gastrik Balon,Gastrik balon kimlere uygulanır?,blog/mide-balonu-kimler-icin-uygun.html,mide-balonu-kimler-icin-uygun.html
204,Gastrik Balon,Gastrik balon için uygunluk değerlendirmesi,blog/gastrik-balon-icin-uygunluk-degerlendirmesi.html,gastrik-balon-icin-uygunluk-degerlendirmesi.html
205,Gastrik Balon,Gastrik balon öncesi hazırlık,blog/gastrik-balon-oncesi-hazirlik.html,gastrik-balon-oncesi-hazirlik.html
206,Gastrik Balon,Gastrik balon sonrası ilk gün,blog/gastrik-balon-sonrasi-ilk-gun.html,gastrik-balon-sonrasi-ilk-gun.html
207,Gastrik Balon,Gastrik balon sonrası ilk hafta,blog/gastrik-balon-sonrasi-ilk-hafta.html,gastrik-balon-sonrasi-ilk-hafta.html
208,Gastrik Balon,Gastrik balon sonrası beslenme,blog/gastrik-balon-sonrasi-beslenme.html,gastrik-balon-sonrasi-beslenme.html
209,Gastrik Balon,Gastrik balon sonrası sıvı tüketimi,blog/gastrik-balon-sonrasi-sivi-tuketimi.html,gastrik-balon-sonrasi-sivi-tuketimi.html
210,Gastrik Balon,Gastrik balon sonrası protein,blog/gastrik-balon-sonrasi-protein.html,gastrik-balon-sonrasi-protein.html
211,Gastrik Balon,Gastrik balon sonrası bulantı,blog/gastrik-balon-sonrasi-bulanti.html,gastrik-balon-sonrasi-bulanti.html
212,Gastrik Balon,Gastrik balon sonrası kusma,blog/gastrik-balon-sonrasi-kusma.html,gastrik-balon-sonrasi-kusma.html
213,Gastrik Balon,Gastrik balon sonrası karın ağrısı,blog/gastrik-balon-sonrasi-karin-agrisi.html,gastrik-balon-sonrasi-karin-agrisi.html
214,Gastrik Balon,Gastrik balon riskleri,blog/mide-balonu-riskleri-ve-takibi.html,mide-balonu-riskleri-ve-takibi.html
215,Gastrik Balon,Gastrik balon komplikasyonları,blog/gastrik-balon-komplikasyonlari.html,gastrik-balon-komplikasyonlari.html
216,Gastrik Balon,Gastrik balon ve reflü,blog/gastrik-balon-ve-reflu.html,gastrik-balon-ve-reflu.html
217,Gastrik Balon,Gastrik balon ve kilo kaybı,blog/gastrik-balon-ve-kilo-kaybi.html,gastrik-balon-ve-kilo-kaybi.html
218,Gastrik Balon,Gastrik balon sonrası kilo yönetimi,blog/gastrik-balon-sonrasi-kilo-yonetimi.html,gastrik-balon-sonrasi-kilo-yonetimi.html
219,Gastrik Balon,Gastrik balon çıkarıldıktan sonra ne olur?,blog/gastrik-balon-cikarildiktan-sonra-ne-olur.html,gastrik-balon-cikarildiktan-sonra-ne-olur.html
220,Gastrik Balon,Gastrik balon sonrası kilo geri alımı,blog/gastrik-balon-sonrasi-kilo-geri-alimi.html,gastrik-balon-sonrasi-kilo-geri-alimi.html
221,Gastrik Balon,Gastrik balon ne kadar süre kalır?,blog/gastrik-balon-ne-kadar-sure-kalir.html,gastrik-balon-ne-kadar-sure-kalir.html
222,Gastrik Balon,Gastrik balon çıkarılması,blog/gastrik-balon-cikarilmasi.html,gastrik-balon-cikarilmasi.html
223,Gastrik Balon,Gastrik balon ve egzersiz,blog/gastrik-balon-ve-egzersiz.html,gastrik-balon-ve-egzersiz.html
224,Gastrik Balon,Gastrik balon ve günlük yaşam,blog/gastrik-balon-ve-gunluk-yasam.html,gastrik-balon-ve-gunluk-yasam.html
225,Gastrik Balon,Gastrik balon ve diyabet,blog/gastrik-balon-ve-diyabet.html,gastrik-balon-ve-diyabet.html
226,Gastrik Balon,Gastrik balon ve hipertansiyon,blog/gastrik-balon-ve-hipertansiyon.html,gastrik-balon-ve-hipertansiyon.html
227,Gastrik Balon,Gastrik balon ve obezite,blog/gastrik-balon-ve-obezite.html,gastrik-balon-ve-obezite.html
228,Gastrik Balon,Gastrik balon ile tüp mide farkı,blog/mide-balonu-mu-tup-mide-mi-hangisi-size-daha-uygun.html,mide-balonu-mu-tup-mide-mi-hangisi-size-daha-uygun.html
229,Gastrik Balon,Gastrik balon ile mide botoksu farkı,blog/gastrik-balon-ile-mide-botoksu-farki.html,gastrik-balon-ile-mide-botoksu-farki.html
230,Gastrik Balon,Gastrik balon ile diyet arasındaki fark,blog/gastrik-balon-ile-diyet-arasindaki-fark.html,gastrik-balon-ile-diyet-arasindaki-fark.html
231,Gastrik Balon,Gastrik balon sonrası takip,blog/gastrik-balon-sonrasi-takip.html,gastrik-balon-sonrasi-takip.html
232,Gastrik Balon,Gastrik balon sonrası vitamin kullanımı,blog/gastrik-balon-sonrasi-vitamin-kullanimi.html,gastrik-balon-sonrasi-vitamin-kullanimi.html
233,Gastrik Balon,Gastrik balon sonrası davranış değişiklikleri,blog/gastrik-balon-sonrasi-davranis-degisiklikleri.html,gastrik-balon-sonrasi-davranis-degisiklikleri.html
234,Gastrik Balon,Gastrik balon için endoskopik değerlendirme,blog/gastrik-balon-icin-endoskopik-degerlendirme.html,gastrik-balon-icin-endoskopik-degerlendirme.html
235,Gastrik Balon,Gastrik balon uygulamasında hasta seçimi,blog/gastrik-balon-uygulamasinda-hasta-secimi.html,gastrik-balon-uygulamasinda-hasta-secimi.html
236,Gastrik Balon,Gastrik balon hakkında sık sorulan sorular,blog/gastrik-balon-hakkinda-sik-sorulan-sorular.html,gastrik-balon-hakkinda-sik-sorulan-sorular.html
237,Gastrik Balon,Gastrik balonun uzun dönem kilo yönetimindeki yeri,blog/gastrik-balonun-uzun-donem-kilo-yonetimindeki-yeri.html,gastrik-balonun-uzun-donem-kilo-yonetimindeki-yeri.html
238,Gastrik Balon,Gastrik balon sonrası beslenme hataları,blog/gastrik-balon-sonrasi-beslenme-hatalari.html,gastrik-balon-sonrasi-beslenme-hatalari.html
239,Gastrik Balon,Gastrik balon sonrası sürdürülebilir kilo yönetimi,blog/gastrik-balon-sonrasi-surdurulebilir-kilo-yonetimi.html,gastrik-balon-sonrasi-surdurulebilir-kilo-yonetimi.html
240,Gastrik Balon,Gastrik Balon hakkında kapsamlı hasta rehberi,blog/gastrik-balon-hakkinda-kapsamli-hasta-rehberi.html,gastrik-balon-hakkinda-kapsamli-hasta-rehberi.html
241,Mide Botoksu,Mide botoksu nedir?,blog/mide-botoksu-nedir.html,mide-botoksu-nedir.html
242,Mide Botoksu,Mide botoksu nasıl yapılır?,blog/mide-botoksu-nasil-yapilir.html,mide-botoksu-nasil-yapilir.html
243,Mide Botoksu,Mide botoksu kimlere uygulanır?,blog/mide-botoksu-kimler-icin-uygun.html,mide-botoksu-kimler-icin-uygun.html
244,Mide Botoksu,Mide botoksu için uygunluk değerlendirmesi,blog/mide-botoksu-icin-uygunluk-degerlendirmesi.html,mide-botoksu-icin-uygunluk-degerlendirmesi.html
245,Mide Botoksu,Mide botoksu öncesi hazırlık,blog/mide-botoksu-oncesi-hazirlik.html,mide-botoksu-oncesi-hazirlik.html
246,Mide Botoksu,Mide botoksu sonrası ilk gün,blog/mide-botoksu-sonrasi-ilk-gun.html,mide-botoksu-sonrasi-ilk-gun.html
247,Mide Botoksu,Mide botoksu sonrası beslenme,blog/mide-botoksu-sonrasi-beslenme.html,mide-botoksu-sonrasi-beslenme.html
248,Mide Botoksu,Mide botoksu sonrası sıvı tüketimi,blog/mide-botoksu-sonrasi-sivi-tuketimi.html,mide-botoksu-sonrasi-sivi-tuketimi.html
249,Mide Botoksu,Mide botoksu sonrası kilo kaybı,blog/mide-botoksu-sonrasi-kilo-kaybi.html,mide-botoksu-sonrasi-kilo-kaybi.html
250,Mide Botoksu,Mide botoksu sonrası kilo geri alımı,blog/mide-botoksu-sonrasi-kilo-geri-alimi.html,mide-botoksu-sonrasi-kilo-geri-alimi.html
251,Mide Botoksu,Mide botoksu etkisi ne kadar sürer?,blog/mide-botoksu-etkisi-ne-kadar-surer.html,mide-botoksu-etkisi-ne-kadar-surer.html
252,Mide Botoksu,Mide botoksu tekrarlanabilir mi?,blog/mide-botoksu-tekrarlanabilir-mi.html,mide-botoksu-tekrarlanabilir-mi.html
253,Mide Botoksu,Mide botoksu riskleri,blog/mide-botoksu-kanitlar-ve-riskler.html,mide-botoksu-kanitlar-ve-riskler.html
254,Mide Botoksu,Mide botoksu komplikasyonları,blog/mide-botoksu-komplikasyonlari.html,mide-botoksu-komplikasyonlari.html
255,Mide Botoksu,Mide botoksu ve bulantı,blog/mide-botoksu-ve-bulanti.html,mide-botoksu-ve-bulanti.html
256,Mide Botoksu,Mide botoksu ve karın ağrısı,blog/mide-botoksu-ve-karin-agrisi.html,mide-botoksu-ve-karin-agrisi.html
257,Mide Botoksu,Mide botoksu ve reflü,blog/mide-botoksu-ve-reflu.html,mide-botoksu-ve-reflu.html
258,Mide Botoksu,Mide botoksu ve obezite,blog/mide-botoksu-ve-obezite.html,mide-botoksu-ve-obezite.html
259,Mide Botoksu,Mide botoksu ve Tip 2 diyabet,blog/mide-botoksu-ve-tip-2-diyabet.html,mide-botoksu-ve-tip-2-diyabet.html
260,Mide Botoksu,Mide botoksu ve hipertansiyon,blog/mide-botoksu-ve-hipertansiyon.html,mide-botoksu-ve-hipertansiyon.html
261,Mide Botoksu,Mide botoksu ve egzersiz,blog/mide-botoksu-ve-egzersiz.html,mide-botoksu-ve-egzersiz.html
262,Mide Botoksu,Mide botoksu sonrası takip,blog/mide-botoksu-sonrasi-takip.html,mide-botoksu-sonrasi-takip.html
263,Mide Botoksu,Mide botoksu sonrası beslenme hataları,blog/mide-botoksu-sonrasi-beslenme-hatalari.html,mide-botoksu-sonrasi-beslenme-hatalari.html
264,Mide Botoksu,Mide botoksu ile gastrik balon farkı,blog/mide-botoksu-ile-gastrik-balon-farki.html,mide-botoksu-ile-gastrik-balon-farki.html
265,Mide Botoksu,Mide botoksu ile tüp mide farkı,blog/mide-botoksu-ile-tup-mide-farki.html,mide-botoksu-ile-tup-mide-farki.html
266,Mide Botoksu,Mide botoksu ile diyet arasındaki fark,blog/mide-botoksu-ile-diyet-arasindaki-fark.html,mide-botoksu-ile-diyet-arasindaki-fark.html
267,Mide Botoksu,Mide botoksu için bilimsel kanıtlar,blog/mide-botoksu-icin-bilimsel-kanitlar.html,mide-botoksu-icin-bilimsel-kanitlar.html
268,Mide Botoksu,Mide botoksu çalışmalarında kilo kaybı sonuçları,blog/mide-botoksu-calismalarinda-kilo-kaybi-sonuclari.html,mide-botoksu-calismalarinda-kilo-kaybi-sonuclari.html
269,Mide Botoksu,Mide botoksunun etkinliğini etkileyen faktörler,blog/mide-botoksunun-etkinligini-etkileyen-faktorler.html,mide-botoksunun-etkinligini-etkileyen-faktorler.html
270,Mide Botoksu,Mide botoksu sonrası yaşam tarzı,blog/mide-botoksu-sonrasi-yasam-tarzi.html,mide-botoksu-sonrasi-yasam-tarzi.html
271,Mide Botoksu,Mide botoksu için endoskopik değerlendirme,blog/mide-botoksu-icin-endoskopik-degerlendirme.html,mide-botoksu-icin-endoskopik-degerlendirme.html
272,Mide Botoksu,Mide botoksu hakkında sık sorulan sorular,blog/mide-botoksu-hakkinda-sik-sorulan-sorular.html,mide-botoksu-hakkinda-sik-sorulan-sorular.html
273,Mide Botoksu,Mide botoksu kimler için uygun olmayabilir?,blog/mide-botoksu-kimler-icin-uygun-olmayabilir.html,mide-botoksu-kimler-icin-uygun-olmayabilir.html
274,Mide Botoksu,Mide botoksunda hasta seçimi,blog/mide-botoksunda-hasta-secimi.html,mide-botoksunda-hasta-secimi.html
275,Mide Botoksu,Mide botoksu sonrası kilo yönetimi,blog/mide-botoksu-sonrasi-kilo-yonetimi.html,mide-botoksu-sonrasi-kilo-yonetimi.html
276,Mide Botoksu,Mide botoksu sonrası sürdürülebilir sonuçlar,blog/mide-botoksu-sonrasi-surdurulebilir-sonuclar.html,mide-botoksu-sonrasi-surdurulebilir-sonuclar.html
277,Mide Botoksu,Mide botoksunda kanıt düzeyi nasıl değerlendirilir?,blog/mide-botoksunda-kanit-duzeyi-nasil-degerlendirilir.html,mide-botoksunda-kanit-duzeyi-nasil-degerlendirilir.html
278,Mide Botoksu,Mide botoksu ile ilgili güncel araştırmalar,blog/mide-botoksu-ile-ilgili-guncel-arastirmalar.html,mide-botoksu-ile-ilgili-guncel-arastirmalar.html
279,Mide Botoksu,Mide botoksu hakkında yanlış bilinenler,blog/mide-botoksu-hakkinda-yanlis-bilinenler.html,mide-botoksu-hakkinda-yanlis-bilinenler.html
280,Mide Botoksu,Mide botoksu karar süreci,blog/mide-botoksu-karar-sureci.html,mide-botoksu-karar-sureci.html
281,Obezite ve Kilo Yönetimi,Obezite nedir?,blog/obezite-nedir.html,obezite-nedir.html
282,Obezite ve Kilo Yönetimi,Obezite nasıl sınıflandırılır?,blog/obezite-nasil-siniflandirilir.html,obezite-nasil-siniflandirilir.html
283,Obezite ve Kilo Yönetimi,VKİ nedir?,blog/vki-nedir.html,vki-nedir.html
284,Obezite ve Kilo Yönetimi,VKİ nasıl hesaplanır?,blog/vki-nasil-hesaplanir.html,vki-nasil-hesaplanir.html
285,Obezite ve Kilo Yönetimi,Bel çevresi neden önemlidir?,blog/bel-cevresi-neden-onemlidir.html,bel-cevresi-neden-onemlidir.html
286,Obezite ve Kilo Yönetimi,Visseral yağlanma nedir?,blog/visseral-yaglanma-nedir.html,visseral-yaglanma-nedir.html
287,Obezite ve Kilo Yönetimi,Obezite nedenleri nelerdir?,blog/obezite-nedenleri-nelerdir.html,obezite-nedenleri-nelerdir.html
288,Obezite ve Kilo Yönetimi,Obezitede genetik faktörler,blog/obezitede-genetik-faktorler.html,obezitede-genetik-faktorler.html
289,Obezite ve Kilo Yönetimi,Obezitede çevresel faktörler,blog/obezitede-cevresel-faktorler.html,obezitede-cevresel-faktorler.html
290,Obezite ve Kilo Yönetimi,Obezite ve metabolizma,blog/obezite-ve-metabolizma.html,obezite-ve-metabolizma.html
291,Obezite ve Kilo Yönetimi,Obezite ve iştah düzenlenmesi,blog/obezite-ve-istah-duzenlenmesi.html,obezite-ve-istah-duzenlenmesi.html
292,Obezite ve Kilo Yönetimi,Obezite ve enerji dengesi,blog/obezite-ve-enerji-dengesi.html,obezite-ve-enerji-dengesi.html
293,Obezite ve Kilo Yönetimi,Obezite ve uyku,blog/obezite-ve-uyku.html,obezite-ve-uyku.html
294,Obezite ve Kilo Yönetimi,Obezite ve stres,blog/obezite-ve-stres.html,obezite-ve-stres.html
295,Obezite ve Kilo Yönetimi,Obezite ve fiziksel aktivite,blog/obezite-ve-fiziksel-aktivite.html,obezite-ve-fiziksel-aktivite.html
296,Obezite ve Kilo Yönetimi,Obezite ve beslenme,blog/obezite-ve-beslenme.html,obezite-ve-beslenme.html
297,Obezite ve Kilo Yönetimi,Obezite ve Tip 2 diyabet,blog/obezite-ve-tip-2-diyabet.html,obezite-ve-tip-2-diyabet.html
298,Obezite ve Kilo Yönetimi,Obezite ve hipertansiyon,blog/obezite-ve-hipertansiyon.html,obezite-ve-hipertansiyon.html
299,Obezite ve Kilo Yönetimi,Obezite ve kalp damar hastalıkları,blog/obezite-ve-kalp-damar-hastaliklari.html,obezite-ve-kalp-damar-hastaliklari.html
300,Obezite ve Kilo Yönetimi,Obezite ve uyku apnesi,blog/obezite-ve-uyku-apnesi.html,obezite-ve-uyku-apnesi.html
301,Obezite ve Kilo Yönetimi,Obezite ve karaciğer yağlanması,blog/obezite-ve-karaciger-yaglanmasi.html,obezite-ve-karaciger-yaglanmasi.html
302,Obezite ve Kilo Yönetimi,Obezite ve eklem sorunları,blog/obezite-ve-eklem-sorunlari.html,obezite-ve-eklem-sorunlari.html
303,Obezite ve Kilo Yönetimi,Obezite ve reflü,blog/obezite-ve-reflu.html,obezite-ve-reflu.html
304,Obezite ve Kilo Yönetimi,Obezite ve safra taşı,blog/obezite-ve-safra-tasi.html,obezite-ve-safra-tasi.html
305,Obezite ve Kilo Yönetimi,Obezite ve kısırlık,blog/obezite-ve-kisirlik.html,obezite-ve-kisirlik.html
306,Obezite ve Kilo Yönetimi,Obezite ve gebelik,blog/obezite-ve-gebelik.html,obezite-ve-gebelik.html
307,Obezite ve Kilo Yönetimi,Obezite ve yaşam kalitesi,blog/obezite-ve-yasam-kalitesi.html,obezite-ve-yasam-kalitesi.html
308,Obezite ve Kilo Yönetimi,Obezite ve psikososyal etkiler,blog/obezite-ve-psikososyal-etkiler.html,obezite-ve-psikososyal-etkiler.html
309,Obezite ve Kilo Yönetimi,Obezite tedavisi nasıl planlanır?,blog/obezite-tedavisi-yontemleri.html,obezite-tedavisi-yontemleri.html
310,Obezite ve Kilo Yönetimi,Obezite tedavisinde yaşam tarzı değişikliği,blog/obezite-tedavisinde-yasam-tarzi-degisikligi.html,obezite-tedavisinde-yasam-tarzi-degisikligi.html
311,Obezite ve Kilo Yönetimi,Obezitede beslenme tedavisi,blog/obezitede-beslenme-tedavisi.html,obezitede-beslenme-tedavisi.html
312,Obezite ve Kilo Yönetimi,Obezitede egzersiz,blog/obezitede-egzersiz.html,obezitede-egzersiz.html
313,Obezite ve Kilo Yönetimi,Obezitede ilaç tedavisi,blog/obezitede-ilac-tedavisi.html,obezitede-ilac-tedavisi.html
314,Obezite ve Kilo Yönetimi,Obezitede endoskopik tedaviler,blog/obezitede-endoskopik-tedaviler.html,obezitede-endoskopik-tedaviler.html
315,Obezite ve Kilo Yönetimi,Obezitede cerrahi tedavi,blog/obezitede-cerrahi-tedavi.html,obezitede-cerrahi-tedavi.html
316,Obezite ve Kilo Yönetimi,Obezite tedavisinde multidisipliner yaklaşım,blog/obezite-tedavisinde-multidisipliner-yaklasim.html,obezite-tedavisinde-multidisipliner-yaklasim.html
317,Obezite ve Kilo Yönetimi,Kilo verme neden durur?,blog/kilo-verme-neden-durur.html,kilo-verme-neden-durur.html
318,Obezite ve Kilo Yönetimi,Kilo geri alımı neden olur?,blog/kilo-geri-alimi-neden-olur.html,kilo-geri-alimi-neden-olur.html
319,Obezite ve Kilo Yönetimi,Sürdürülebilir kilo yönetimi,blog/surdurulebilir-kilo-yonetimi.html,surdurulebilir-kilo-yonetimi.html
320,Obezite ve Kilo Yönetimi,Obezite hakkında sık sorulan sorular,blog/obezite-hakkinda-sik-sorulan-sorular.html,obezite-hakkinda-sik-sorulan-sorular.html
321,Ameliyat Sonrası Beslenme,Bariatrik cerrahi sonrası beslenmenin temel ilkeleri,blog/bariatrik-cerrahi-sonrasi-beslenmenin-temel-ilkeleri.html,bariatrik-cerrahi-sonrasi-beslenmenin-temel-ilkeleri.html
322,Ameliyat Sonrası Beslenme,Bariatrik cerrahi sonrası sıvı dönemi,blog/bariatrik-cerrahi-sonrasi-sivi-donemi.html,bariatrik-cerrahi-sonrasi-sivi-donemi.html
323,Ameliyat Sonrası Beslenme,Bariatrik cerrahi sonrası püre dönemi,blog/bariatrik-cerrahi-sonrasi-pure-donemi.html,bariatrik-cerrahi-sonrasi-pure-donemi.html
324,Ameliyat Sonrası Beslenme,Bariatrik cerrahi sonrası yumuşak gıda dönemi,blog/bariatrik-cerrahi-sonrasi-yumusak-gida-donemi.html,bariatrik-cerrahi-sonrasi-yumusak-gida-donemi.html
325,Ameliyat Sonrası Beslenme,Bariatrik cerrahi sonrası katı gıdaya geçiş,blog/bariatrik-cerrahi-sonrasi-kati-gidaya-gecis.html,bariatrik-cerrahi-sonrasi-kati-gidaya-gecis.html
326,Ameliyat Sonrası Beslenme,Ameliyat sonrası öğün düzeni,blog/ameliyat-sonrasi-ogun-duzeni.html,ameliyat-sonrasi-ogun-duzeni.html
327,Ameliyat Sonrası Beslenme,Ameliyat sonrası porsiyon kontrolü,blog/ameliyat-sonrasi-porsiyon-kontrolu.html,ameliyat-sonrasi-porsiyon-kontrolu.html
328,Ameliyat Sonrası Beslenme,Ameliyat sonrası yavaş yemek,blog/ameliyat-sonrasi-yavas-yemek.html,ameliyat-sonrasi-yavas-yemek.html
329,Ameliyat Sonrası Beslenme,Ameliyat sonrası iyi çiğneme,blog/ameliyat-sonrasi-iyi-cigneme.html,ameliyat-sonrasi-iyi-cigneme.html
330,Ameliyat Sonrası Beslenme,Ameliyat sonrası sıvı ve katı gıda zamanlaması,blog/ameliyat-sonrasi-sivi-ve-kati-gida-zamanlamasi.html,ameliyat-sonrasi-sivi-ve-kati-gida-zamanlamasi.html
331,Ameliyat Sonrası Beslenme,Ameliyat sonrası protein önceliği,blog/ameliyat-sonrasi-protein-onceligi.html,ameliyat-sonrasi-protein-onceligi.html
332,Ameliyat Sonrası Beslenme,Ameliyat sonrası protein kaynakları,blog/ameliyat-sonrasi-protein-kaynaklari.html,ameliyat-sonrasi-protein-kaynaklari.html
333,Ameliyat Sonrası Beslenme,Ameliyat sonrası su tüketimi,blog/ameliyat-sonrasi-su-tuketimi.html,ameliyat-sonrasi-su-tuketimi.html
334,Ameliyat Sonrası Beslenme,Ameliyat sonrası kahve tüketimi,blog/ameliyat-sonrasi-kahve-tuketimi.html,ameliyat-sonrasi-kahve-tuketimi.html
335,Ameliyat Sonrası Beslenme,Ameliyat sonrası çay tüketimi,blog/ameliyat-sonrasi-cay-tuketimi.html,ameliyat-sonrasi-cay-tuketimi.html
336,Ameliyat Sonrası Beslenme,Ameliyat sonrası gazlı içecekler,blog/ameliyat-sonrasi-gazli-icecekler.html,ameliyat-sonrasi-gazli-icecekler.html
337,Ameliyat Sonrası Beslenme,Ameliyat sonrası şekerli içecekler,blog/ameliyat-sonrasi-sekerli-icecekler.html,ameliyat-sonrasi-sekerli-icecekler.html
338,Ameliyat Sonrası Beslenme,Ameliyat sonrası alkol konusunda dikkat edilmesi gerekenler,blog/ameliyat-sonrasi-alkol-konusunda-dikkat-edilmesi-gerekenler.html,ameliyat-sonrasi-alkol-konusunda-dikkat-edilmesi-gerekenler.html
339,Ameliyat Sonrası Beslenme,Ameliyat sonrası tatlı tüketimi,blog/ameliyat-sonrasi-tatli-tuketimi.html,ameliyat-sonrasi-tatli-tuketimi.html
340,Ameliyat Sonrası Beslenme,Ameliyat sonrası ekmek ve hamur işleri,blog/ameliyat-sonrasi-ekmek-ve-hamur-isleri.html,ameliyat-sonrasi-ekmek-ve-hamur-isleri.html
341,Ameliyat Sonrası Beslenme,Ameliyat sonrası pirinç ve makarna,blog/ameliyat-sonrasi-pirinc-ve-makarna.html,ameliyat-sonrasi-pirinc-ve-makarna.html
342,Ameliyat Sonrası Beslenme,Ameliyat sonrası meyve tüketimi,blog/ameliyat-sonrasi-meyve-tuketimi.html,ameliyat-sonrasi-meyve-tuketimi.html
343,Ameliyat Sonrası Beslenme,Ameliyat sonrası sebze tüketimi,blog/ameliyat-sonrasi-sebze-tuketimi.html,ameliyat-sonrasi-sebze-tuketimi.html
344,Ameliyat Sonrası Beslenme,Ameliyat sonrası et tüketimi,blog/ameliyat-sonrasi-et-tuketimi.html,ameliyat-sonrasi-et-tuketimi.html
345,Ameliyat Sonrası Beslenme,Ameliyat sonrası balık tüketimi,blog/ameliyat-sonrasi-balik-tuketimi.html,ameliyat-sonrasi-balik-tuketimi.html
346,Ameliyat Sonrası Beslenme,Ameliyat sonrası yumurta,blog/ameliyat-sonrasi-yumurta.html,ameliyat-sonrasi-yumurta.html
347,Ameliyat Sonrası Beslenme,Ameliyat sonrası süt ve süt ürünleri,blog/ameliyat-sonrasi-sut-ve-sut-urunleri.html,ameliyat-sonrasi-sut-ve-sut-urunleri.html
348,Ameliyat Sonrası Beslenme,Ameliyat sonrası bakliyat,blog/ameliyat-sonrasi-bakliyat.html,ameliyat-sonrasi-bakliyat.html
349,Ameliyat Sonrası Beslenme,Ameliyat sonrası atıştırmalıklar,blog/ameliyat-sonrasi-atistirmaliklar.html,ameliyat-sonrasi-atistirmaliklar.html
350,Ameliyat Sonrası Beslenme,Ameliyat sonrası gece yemeği,blog/ameliyat-sonrasi-gece-yemegi.html,ameliyat-sonrasi-gece-yemegi.html
351,Ameliyat Sonrası Beslenme,Ameliyat sonrası yemek intoleransları,blog/ameliyat-sonrasi-yemek-intoleranslari.html,ameliyat-sonrasi-yemek-intoleranslari.html
352,Ameliyat Sonrası Beslenme,Ameliyat sonrası erken doyma,blog/ameliyat-sonrasi-erken-doyma.html,ameliyat-sonrasi-erken-doyma.html
353,Ameliyat Sonrası Beslenme,Ameliyat sonrası açlık hissi,blog/ameliyat-sonrasi-aclik-hissi.html,ameliyat-sonrasi-aclik-hissi.html
354,Ameliyat Sonrası Beslenme,Ameliyat sonrası bulantıyı azaltan beslenme yaklaşımı,blog/ameliyat-sonrasi-bulantiyi-azaltan-beslenme-yaklasimi.html,ameliyat-sonrasi-bulantiyi-azaltan-beslenme-yaklasimi.html
355,Ameliyat Sonrası Beslenme,Ameliyat sonrası kabızlıkta beslenme,blog/ameliyat-sonrasi-kabizlikta-beslenme.html,ameliyat-sonrasi-kabizlikta-beslenme.html
356,Ameliyat Sonrası Beslenme,Ameliyat sonrası ishalde beslenme,blog/ameliyat-sonrasi-ishalde-beslenme.html,ameliyat-sonrasi-ishalde-beslenme.html
357,Ameliyat Sonrası Beslenme,Ameliyat sonrası reflüde beslenme,blog/ameliyat-sonrasi-reflude-beslenme.html,ameliyat-sonrasi-reflude-beslenme.html
358,Ameliyat Sonrası Beslenme,Ameliyat sonrası beslenme hataları,blog/ameliyat-sonrasi-beslenme-hatalari.html,ameliyat-sonrasi-beslenme-hatalari.html
359,Ameliyat Sonrası Beslenme,Ameliyat sonrası örnek öğün planı nasıl değerlendirilir?,blog/ameliyat-sonrasi-ornek-ogun-plani-nasil-degerlendirilir.html,ameliyat-sonrasi-ornek-ogun-plani-nasil-degerlendirilir.html
360,Ameliyat Sonrası Beslenme,Bariatrik cerrahi sonrası uzun dönem beslenme,blog/bariatrik-cerrahi-sonrasi-uzun-donem-beslenme.html,bariatrik-cerrahi-sonrasi-uzun-donem-beslenme.html
361,Vitamin ve Mineral Takibi,Bariatrik cerrahi sonrası multivitamin kullanımı,blog/bariatrik-cerrahi-sonrasi-multivitamin-kullanimi.html,bariatrik-cerrahi-sonrasi-multivitamin-kullanimi.html
362,Vitamin ve Mineral Takibi,Bariatrik cerrahi sonrası B12 takibi,blog/bariatrik-cerrahi-sonrasi-b12-takibi.html,bariatrik-cerrahi-sonrasi-b12-takibi.html
363,Vitamin ve Mineral Takibi,Bariatrik cerrahi sonrası demir takibi,blog/bariatrik-cerrahi-sonrasi-demir-takibi.html,bariatrik-cerrahi-sonrasi-demir-takibi.html
364,Vitamin ve Mineral Takibi,Bariatrik cerrahi sonrası ferritin düşüklüğü,blog/bariatrik-cerrahi-sonrasi-ferritin-dusuklugu.html,bariatrik-cerrahi-sonrasi-ferritin-dusuklugu.html
365,Vitamin ve Mineral Takibi,Bariatrik cerrahi sonrası folat,blog/bariatrik-cerrahi-sonrasi-folat.html,bariatrik-cerrahi-sonrasi-folat.html
366,Vitamin ve Mineral Takibi,Bariatrik cerrahi sonrası tiamin,blog/bariatrik-cerrahi-sonrasi-tiamin.html,bariatrik-cerrahi-sonrasi-tiamin.html
367,Vitamin ve Mineral Takibi,Bariatrik cerrahi sonrası D vitamini,blog/bariatrik-cerrahi-sonrasi-d-vitamini.html,bariatrik-cerrahi-sonrasi-d-vitamini.html
368,Vitamin ve Mineral Takibi,Bariatrik cerrahi sonrası kalsiyum,blog/bariatrik-cerrahi-sonrasi-kalsiyum.html,bariatrik-cerrahi-sonrasi-kalsiyum.html
369,Vitamin ve Mineral Takibi,Bariatrik cerrahi sonrası magnezyum,blog/bariatrik-cerrahi-sonrasi-magnezyum.html,bariatrik-cerrahi-sonrasi-magnezyum.html
370,Vitamin ve Mineral Takibi,Bariatrik cerrahi sonrası çinko,blog/bariatrik-cerrahi-sonrasi-cinko.html,bariatrik-cerrahi-sonrasi-cinko.html
371,Vitamin ve Mineral Takibi,Bariatrik cerrahi sonrası bakır,blog/bariatrik-cerrahi-sonrasi-bakir.html,bariatrik-cerrahi-sonrasi-bakir.html
372,Vitamin ve Mineral Takibi,Bariatrik cerrahi sonrası A vitamini,blog/bariatrik-cerrahi-sonrasi-a-vitamini.html,bariatrik-cerrahi-sonrasi-a-vitamini.html
373,Vitamin ve Mineral Takibi,Bariatrik cerrahi sonrası E vitamini,blog/bariatrik-cerrahi-sonrasi-e-vitamini.html,bariatrik-cerrahi-sonrasi-e-vitamini.html
374,Vitamin ve Mineral Takibi,Bariatrik cerrahi sonrası K vitamini,blog/bariatrik-cerrahi-sonrasi-k-vitamini.html,bariatrik-cerrahi-sonrasi-k-vitamini.html
375,Vitamin ve Mineral Takibi,Bariatrik cerrahi sonrası protein eksikliği,blog/bariatrik-cerrahi-sonrasi-protein-eksikligi.html,bariatrik-cerrahi-sonrasi-protein-eksikligi.html
376,Vitamin ve Mineral Takibi,Vitamin eksikliği belirtileri,blog/vitamin-eksikligi-belirtileri.html,vitamin-eksikligi-belirtileri.html
377,Vitamin ve Mineral Takibi,Demir eksikliği belirtileri,blog/demir-eksikligi-belirtileri.html,demir-eksikligi-belirtileri.html
378,Vitamin ve Mineral Takibi,B12 eksikliği belirtileri,blog/b12-eksikligi-belirtileri.html,b12-eksikligi-belirtileri.html
379,Vitamin ve Mineral Takibi,D vitamini eksikliği belirtileri,blog/d-vitamini-eksikligi-belirtileri.html,d-vitamini-eksikligi-belirtileri.html
380,Vitamin ve Mineral Takibi,Kalsiyum eksikliği ve kemik sağlığı,blog/kalsiyum-eksikligi-ve-kemik-sagligi.html,kalsiyum-eksikligi-ve-kemik-sagligi.html
381,Vitamin ve Mineral Takibi,Bariatrik cerrahi sonrası kemik sağlığı,blog/bariatrik-cerrahi-sonrasi-kemik-sagligi.html,bariatrik-cerrahi-sonrasi-kemik-sagligi.html
382,Vitamin ve Mineral Takibi,Bariatrik cerrahi sonrası laboratuvar testleri,blog/bariatrik-cerrahi-sonrasi-laboratuvar-testleri.html,bariatrik-cerrahi-sonrasi-laboratuvar-testleri.html
383,Vitamin ve Mineral Takibi,Ameliyat sonrası hangi kan değerleri takip edilir?,blog/ameliyat-sonrasi-hangi-kan-degerleri-takip-edilir.html,ameliyat-sonrasi-hangi-kan-degerleri-takip-edilir.html
384,Vitamin ve Mineral Takibi,Vitamin takviyelerinin düzenli kullanılmasının önemi,blog/vitamin-takviyelerinin-duzenli-kullanilmasinin-onemi.html,vitamin-takviyelerinin-duzenli-kullanilmasinin-onemi.html
385,Vitamin ve Mineral Takibi,Takviyelerin yemeklerle ilişkisi,blog/takviyelerin-yemeklerle-iliskisi.html,takviyelerin-yemeklerle-iliskisi.html
386,Vitamin ve Mineral Takibi,Demir ve kalsiyum birlikte alınır mı?,blog/demir-ve-kalsiyum-birlikte-alinir-mi.html,demir-ve-kalsiyum-birlikte-alinir-mi.html
387,Vitamin ve Mineral Takibi,B12 takviyesi hangi durumlarda değerlendirilir?,blog/b12-takviyesi-hangi-durumlarda-degerlendirilir.html,b12-takviyesi-hangi-durumlarda-degerlendirilir.html
388,Vitamin ve Mineral Takibi,Vitamin eksikliği ile yorgunluk arasındaki ilişki,blog/vitamin-eksikligi-ile-yorgunluk-arasindaki-iliski.html,vitamin-eksikligi-ile-yorgunluk-arasindaki-iliski.html
389,Vitamin ve Mineral Takibi,Bariatrik cerrahi sonrası anemi,blog/bariatrik-cerrahi-sonrasi-anemi.html,bariatrik-cerrahi-sonrasi-anemi.html
390,Vitamin ve Mineral Takibi,Bariatrik cerrahi sonrası saç dökülmesi ve beslenme,blog/bariatrik-cerrahi-sonrasi-sac-dokulmesi-ve-beslenme.html,bariatrik-cerrahi-sonrasi-sac-dokulmesi-ve-beslenme.html
391,Vitamin ve Mineral Takibi,Beslenme eksiklikleri nasıl önlenir?,blog/beslenme-eksiklikleri-nasil-onlenir.html,beslenme-eksiklikleri-nasil-onlenir.html
392,Vitamin ve Mineral Takibi,Uzun dönem vitamin takibi,blog/uzun-donem-vitamin-takibi.html,uzun-donem-vitamin-takibi.html
393,Vitamin ve Mineral Takibi,Gebelikte bariatrik cerrahi sonrası vitamin takibi,blog/gebelikte-bariatrik-cerrahi-sonrasi-vitamin-takibi.html,gebelikte-bariatrik-cerrahi-sonrasi-vitamin-takibi.html
394,Vitamin ve Mineral Takibi,Revizyon cerrahisi sonrası vitamin takibi,blog/revizyon-cerrahisi-sonrasi-vitamin-takibi.html,revizyon-cerrahisi-sonrasi-vitamin-takibi-394.html
395,Vitamin ve Mineral Takibi,Gastrik bypass sonrası vitamin takibi,blog/gastrik-bypass-sonrasi-vitamin-takibi.html,gastrik-bypass-sonrasi-vitamin-takibi.html
396,Vitamin ve Mineral Takibi,Tüp mide sonrası vitamin takibi,blog/tup-mide-sonrasi-vitamin-takibi.html,tup-mide-sonrasi-vitamin-takibi.html
397,Vitamin ve Mineral Takibi,Vitamin ve mineral takibinde kişiselleştirme,blog/vitamin-ve-mineral-takibinde-kisisellestirme.html,vitamin-ve-mineral-takibinde-kisisellestirme.html
398,Vitamin ve Mineral Takibi,Bariatrik cerrahi sonrası beslenme laboratuvarlarının yorumlanması,blog/bariatrik-cerrahi-sonrasi-beslenme-laboratuvarlarinin-yorumlanmasi.html,bariatrik-cerrahi-sonrasi-beslenme-laboratuvarlarinin-yorumlanmasi.html
399,Vitamin ve Mineral Takibi,Bariatrik cerrahi sonrası beslenme eksiklikleri hakkında sık sorulan sorular,blog/bariatrik-cerrahi-sonrasi-beslenme-eksiklikleri-hakkinda-sik-sorulan-sorular.html,bariatrik-cerrahi-sonrasi-beslenme-eksiklikleri-hakkinda-sik-sorulan-sorular.html
400,Vitamin ve Mineral Takibi,Vitamin ve Mineral Takibi hakkında kapsamlı hasta rehberi,blog/vitamin-ve-mineral-takibi-hakkinda-kapsamli-hasta-rehberi.html,vitamin-ve-mineral-takibi-hakkinda-kapsamli-hasta-rehberi.html
401,Komplikasyonlar ve Güvenlik,Bariatrik cerrahinin erken dönem komplikasyonları,blog/bariatrik-cerrahinin-erken-donem-komplikasyonlari.html,bariatrik-cerrahinin-erken-donem-komplikasyonlari.html
402,Komplikasyonlar ve Güvenlik,Bariatrik cerrahinin geç dönem komplikasyonları,blog/bariatrik-cerrahinin-gec-donem-komplikasyonlari.html,bariatrik-cerrahinin-gec-donem-komplikasyonlari.html
403,Komplikasyonlar ve Güvenlik,Tüp mide kaçak riski,blog/tup-mide-kacak-riski.html,tup-mide-kacak-riski.html
404,Komplikasyonlar ve Güvenlik,Tüp mide kanama riski,blog/tup-mide-kanama-riski.html,tup-mide-kanama-riski.html
405,Komplikasyonlar ve Güvenlik,Tüp mide enfeksiyonları,blog/tup-mide-enfeksiyonlari.html,tup-mide-enfeksiyonlari.html
406,Komplikasyonlar ve Güvenlik,Tüp mide darlık ve stenoz,blog/tup-mide-darlik-ve-stenoz.html,tup-mide-darlik-ve-stenoz.html
407,Komplikasyonlar ve Güvenlik,Tüp mide reflü,blog/tup-mide-reflu.html,tup-mide-reflu.html
408,Komplikasyonlar ve Güvenlik,Tüp mide ülser benzeri şikayetler,blog/tup-mide-ulser-benzeri-sikayetler.html,tup-mide-ulser-benzeri-sikayetler.html
409,Komplikasyonlar ve Güvenlik,Gastrik bypass kaçak,blog/gastrik-bypass-kacak.html,gastrik-bypass-kacak.html
410,Komplikasyonlar ve Güvenlik,Gastrik bypass kanama,blog/gastrik-bypass-kanama.html,gastrik-bypass-kanama.html
411,Komplikasyonlar ve Güvenlik,Gastrik bypass ülseri,blog/gastrik-bypass-ulseri.html,gastrik-bypass-ulseri.html
412,Komplikasyonlar ve Güvenlik,Gastrik bypass dumping sendromu,blog/gastrik-bypass-dumping-sendromu.html,gastrik-bypass-dumping-sendromu.html
413,Komplikasyonlar ve Güvenlik,Gastrik bypass bağırsak tıkanıklığı,blog/gastrik-bypass-bagirsak-tikanikligi.html,gastrik-bypass-bagirsak-tikanikligi.html
414,Komplikasyonlar ve Güvenlik,Bariatrik cerrahi sonrası safra taşı,blog/bariatrik-cerrahi-sonrasi-safra-tasi.html,bariatrik-cerrahi-sonrasi-safra-tasi.html
415,Komplikasyonlar ve Güvenlik,Bariatrik cerrahi sonrası fıtık,blog/bariatrik-cerrahi-sonrasi-fitik.html,bariatrik-cerrahi-sonrasi-fitik.html
416,Komplikasyonlar ve Güvenlik,Bariatrik cerrahi sonrası beslenme eksiklikleri,blog/bariatrik-cerrahi-sonrasi-beslenme-eksiklikleri.html,bariatrik-cerrahi-sonrasi-beslenme-eksiklikleri.html
417,Komplikasyonlar ve Güvenlik,Bariatrik cerrahi sonrası dehidratasyon,blog/bariatrik-cerrahi-sonrasi-dehidratasyon.html,bariatrik-cerrahi-sonrasi-dehidratasyon.html
418,Komplikasyonlar ve Güvenlik,Bariatrik cerrahi sonrası bulantı,blog/bariatrik-cerrahi-sonrasi-bulanti.html,bariatrik-cerrahi-sonrasi-bulanti.html
419,Komplikasyonlar ve Güvenlik,Bariatrik cerrahi sonrası kusma,blog/bariatrik-cerrahi-sonrasi-kusma.html,bariatrik-cerrahi-sonrasi-kusma.html
420,Komplikasyonlar ve Güvenlik,Bariatrik cerrahi sonrası karın ağrısı,blog/bariatrik-cerrahi-sonrasi-karin-agrisi.html,bariatrik-cerrahi-sonrasi-karin-agrisi.html
421,Komplikasyonlar ve Güvenlik,Bariatrik cerrahi sonrası ateş,blog/bariatrik-cerrahi-sonrasi-ates.html,bariatrik-cerrahi-sonrasi-ates.html
422,Komplikasyonlar ve Güvenlik,Bariatrik cerrahi sonrası hızlı nabız,blog/bariatrik-cerrahi-sonrasi-hizli-nabiz.html,bariatrik-cerrahi-sonrasi-hizli-nabiz.html
423,Komplikasyonlar ve Güvenlik,Ameliyat sonrası hangi belirtilerde sağlık kuruluşuna başvurulmalı?,blog/ameliyat-sonrasi-hangi-belirtilerde-saglik-kurulusuna-basvurulmali.html,ameliyat-sonrasi-hangi-belirtilerde-saglik-kurulusuna-basvurulmali.html
424,Komplikasyonlar ve Güvenlik,Ameliyat sonrası acil değerlendirme gerektirebilecek belirtiler,blog/ameliyat-sonrasi-acil-degerlendirme-gerektirebilecek-belirtiler.html,ameliyat-sonrasi-acil-degerlendirme-gerektirebilecek-belirtiler.html
425,Komplikasyonlar ve Güvenlik,Bariatrik cerrahide risk değerlendirmesi,blog/bariatrik-cerrahide-risk-degerlendirmesi.html,bariatrik-cerrahide-risk-degerlendirmesi.html
426,Komplikasyonlar ve Güvenlik,Anestezi riskleri ve obezite cerrahisi,blog/anestezi-riskleri-ve-obezite-cerrahisi.html,anestezi-riskleri-ve-obezite-cerrahisi.html
427,Komplikasyonlar ve Güvenlik,Obezite cerrahisinde tromboz riski,blog/obezite-cerrahisinde-tromboz-riski.html,obezite-cerrahisinde-tromboz-riski.html
428,Komplikasyonlar ve Güvenlik,Obezite cerrahisinde pulmoner komplikasyonlar,blog/obezite-cerrahisinde-pulmoner-komplikasyonlar.html,obezite-cerrahisinde-pulmoner-komplikasyonlar.html
429,Komplikasyonlar ve Güvenlik,Obezite cerrahisinde yara sorunları,blog/obezite-cerrahisinde-yara-sorunlari.html,obezite-cerrahisinde-yara-sorunlari.html
430,Komplikasyonlar ve Güvenlik,Laparoskopik cerrahi ve komplikasyon takibi,blog/laparoskopik-cerrahi-ve-komplikasyon-takibi.html,laparoskopik-cerrahi-ve-komplikasyon-takibi.html
431,Komplikasyonlar ve Güvenlik,Komplikasyonların erken tanınmasının önemi,blog/komplikasyonlarin-erken-taninmasinin-onemi.html,komplikasyonlarin-erken-taninmasinin-onemi.html
432,Komplikasyonlar ve Güvenlik,Komplikasyon riskini etkileyen faktörler,blog/komplikasyon-riskini-etkileyen-faktorler.html,komplikasyon-riskini-etkileyen-faktorler.html
433,Komplikasyonlar ve Güvenlik,Ameliyat sonrası takip neden önemlidir?,blog/ameliyat-sonrasi-takip-neden-onemlidir.html,ameliyat-sonrasi-takip-neden-onemlidir.html
434,Komplikasyonlar ve Güvenlik,Uzun dönem komplikasyon takibi,blog/uzun-donem-komplikasyon-takibi.html,uzun-donem-komplikasyon-takibi.html
435,Komplikasyonlar ve Güvenlik,Revizyon cerrahisinde komplikasyonlar,blog/revizyon-cerrahisinde-komplikasyonlar.html,revizyon-cerrahisinde-komplikasyonlar.html
436,Komplikasyonlar ve Güvenlik,Endoskopik obezite tedavilerinde riskler,blog/endoskopik-obezite-tedavilerinde-riskler.html,endoskopik-obezite-tedavilerinde-riskler.html
437,Komplikasyonlar ve Güvenlik,Gastrik balon komplikasyonları,blog/gastrik-balon-komplikasyonlari.html,gastrik-balon-komplikasyonlari-437.html
438,Komplikasyonlar ve Güvenlik,Mide botoksu güvenliği,blog/mide-botoksu-guvenligi.html,mide-botoksu-guvenligi.html
439,Komplikasyonlar ve Güvenlik,Bariatrik cerrahi güvenliği hakkında sık sorulan sorular,blog/bariatrik-cerrahi-guvenligi-hakkinda-sik-sorulan-sorular.html,bariatrik-cerrahi-guvenligi-hakkinda-sik-sorulan-sorular.html
440,Komplikasyonlar ve Güvenlik,Komplikasyonlar ve Güvenlik hakkında kapsamlı hasta rehberi,blog/komplikasyonlar-ve-guvenlik-hakkinda-kapsamli-hasta-rehberi.html,komplikasyonlar-ve-guvenlik-hakkinda-kapsamli-hasta-rehberi.html
441,Ameliyat Öncesi Değerlendirme,Obezite cerrahisi öncesi ilk değerlendirme,blog/obezite-cerrahisi-oncesi-ilk-degerlendirme.html,obezite-cerrahisi-oncesi-ilk-degerlendirme.html
442,Ameliyat Öncesi Değerlendirme,Bariatrik cerrahi öncesi kan testleri,blog/bariatrik-cerrahi-oncesi-kan-testleri.html,bariatrik-cerrahi-oncesi-kan-testleri.html
443,Ameliyat Öncesi Değerlendirme,Bariatrik cerrahi öncesi endoskopi,blog/bariatrik-cerrahi-oncesi-endoskopi.html,bariatrik-cerrahi-oncesi-endoskopi.html
444,Ameliyat Öncesi Değerlendirme,Bariatrik cerrahi öncesi ultrasonografi,blog/bariatrik-cerrahi-oncesi-ultrasonografi.html,bariatrik-cerrahi-oncesi-ultrasonografi.html
445,Ameliyat Öncesi Değerlendirme,Bariatrik cerrahi öncesi kardiyoloji değerlendirmesi,blog/bariatrik-cerrahi-oncesi-kardiyoloji-degerlendirmesi.html,bariatrik-cerrahi-oncesi-kardiyoloji-degerlendirmesi.html
446,Ameliyat Öncesi Değerlendirme,Bariatrik cerrahi öncesi göğüs hastalıkları değerlendirmesi,blog/bariatrik-cerrahi-oncesi-gogus-hastaliklari-degerlendirmesi.html,bariatrik-cerrahi-oncesi-gogus-hastaliklari-degerlendirmesi.html
447,Ameliyat Öncesi Değerlendirme,Bariatrik cerrahi öncesi endokrinoloji değerlendirmesi,blog/bariatrik-cerrahi-oncesi-endokrinoloji-degerlendirmesi.html,bariatrik-cerrahi-oncesi-endokrinoloji-degerlendirmesi.html
448,Ameliyat Öncesi Değerlendirme,Bariatrik cerrahi öncesi beslenme değerlendirmesi,blog/bariatrik-cerrahi-oncesi-beslenme-degerlendirmesi.html,bariatrik-cerrahi-oncesi-beslenme-degerlendirmesi.html
449,Ameliyat Öncesi Değerlendirme,Bariatrik cerrahi öncesi psikolojik değerlendirme,blog/bariatrik-cerrahi-oncesi-psikolojik-degerlendirme.html,bariatrik-cerrahi-oncesi-psikolojik-degerlendirme.html
450,Ameliyat Öncesi Değerlendirme,Bariatrik cerrahi öncesi anestezi muayenesi,blog/bariatrik-cerrahi-oncesi-anestezi-muayenesi.html,bariatrik-cerrahi-oncesi-anestezi-muayenesi.html
451,Ameliyat Öncesi Değerlendirme,Ameliyat öncesi ilaçların değerlendirilmesi,blog/ameliyat-oncesi-ilaclarin-degerlendirilmesi.html,ameliyat-oncesi-ilaclarin-degerlendirilmesi.html
452,Ameliyat Öncesi Değerlendirme,Ameliyat öncesi sigara kullanımı,blog/ameliyat-oncesi-sigara-kullanimi.html,ameliyat-oncesi-sigara-kullanimi.html
453,Ameliyat Öncesi Değerlendirme,Ameliyat öncesi alkol kullanımı,blog/ameliyat-oncesi-alkol-kullanimi.html,ameliyat-oncesi-alkol-kullanimi.html
454,Ameliyat Öncesi Değerlendirme,Ameliyat öncesi beslenme düzeni,blog/ameliyat-oncesi-beslenme-duzeni.html,ameliyat-oncesi-beslenme-duzeni.html
455,Ameliyat Öncesi Değerlendirme,Ameliyat öncesi kilo verme gerekliliği,blog/ameliyat-oncesi-kilo-verme-gerekliligi.html,ameliyat-oncesi-kilo-verme-gerekliligi.html
456,Ameliyat Öncesi Değerlendirme,Ameliyat öncesi sıvı beslenme,blog/ameliyat-oncesi-sivi-beslenme.html,ameliyat-oncesi-sivi-beslenme.html
457,Ameliyat Öncesi Değerlendirme,Ameliyat öncesi protein desteği,blog/ameliyat-oncesi-protein-destegi.html,ameliyat-oncesi-protein-destegi.html
458,Ameliyat Öncesi Değerlendirme,Ameliyat öncesi egzersiz,blog/ameliyat-oncesi-egzersiz.html,ameliyat-oncesi-egzersiz.html
459,Ameliyat Öncesi Değerlendirme,Ameliyat öncesi uyku apnesi değerlendirmesi,blog/ameliyat-oncesi-uyku-apnesi-degerlendirmesi.html,ameliyat-oncesi-uyku-apnesi-degerlendirmesi.html
460,Ameliyat Öncesi Değerlendirme,Ameliyat öncesi diyabet kontrolü,blog/ameliyat-oncesi-diyabet-kontrolu.html,ameliyat-oncesi-diyabet-kontrolu.html
461,Ameliyat Öncesi Değerlendirme,Ameliyat öncesi hipertansiyon kontrolü,blog/ameliyat-oncesi-hipertansiyon-kontrolu.html,ameliyat-oncesi-hipertansiyon-kontrolu.html
462,Ameliyat Öncesi Değerlendirme,Ameliyat öncesi karaciğer yağlanmasının değerlendirilmesi,blog/ameliyat-oncesi-karaciger-yaglanmasinin-degerlendirilmesi.html,ameliyat-oncesi-karaciger-yaglanmasinin-degerlendirilmesi.html
463,Ameliyat Öncesi Değerlendirme,Ameliyat öncesi reflü değerlendirmesi,blog/ameliyat-oncesi-reflu-degerlendirmesi.html,ameliyat-oncesi-reflu-degerlendirmesi.html
464,Ameliyat Öncesi Değerlendirme,Ameliyat öncesi safra kesesi değerlendirmesi,blog/ameliyat-oncesi-safra-kesesi-degerlendirmesi.html,ameliyat-oncesi-safra-kesesi-degerlendirmesi.html
465,Ameliyat Öncesi Değerlendirme,Ameliyat öncesi önceki ameliyatların önemi,blog/ameliyat-oncesi-onceki-ameliyatlarin-onemi.html,ameliyat-oncesi-onceki-ameliyatlarin-onemi.html
466,Ameliyat Öncesi Değerlendirme,Ameliyat öncesi kullanılan ilaçların bildirilmesi,blog/ameliyat-oncesi-kullanilan-ilaclarin-bildirilmesi.html,ameliyat-oncesi-kullanilan-ilaclarin-bildirilmesi.html
467,Ameliyat Öncesi Değerlendirme,Ameliyat öncesi alerjilerin bildirilmesi,blog/ameliyat-oncesi-alerjilerin-bildirilmesi.html,ameliyat-oncesi-alerjilerin-bildirilmesi.html
468,Ameliyat Öncesi Değerlendirme,Ameliyat öncesi beklentilerin değerlendirilmesi,blog/ameliyat-oncesi-beklentilerin-degerlendirilmesi.html,ameliyat-oncesi-beklentilerin-degerlendirilmesi.html
469,Ameliyat Öncesi Değerlendirme,Bariatrik cerrahi için uygunluk nasıl değerlendirilir?,blog/bariatrik-cerrahi-icin-uygunluk-nasil-degerlendirilir.html,bariatrik-cerrahi-icin-uygunluk-nasil-degerlendirilir.html
470,Ameliyat Öncesi Değerlendirme,Ameliyat yöntemi seçimi nasıl değerlendirilir?,blog/ameliyat-yontemi-secimi-nasil-degerlendirilir.html,ameliyat-yontemi-secimi-nasil-degerlendirilir.html
471,Ameliyat Öncesi Değerlendirme,Tüp mide mi gastrik bypass mı kararında hangi bilgiler önemlidir?,blog/tup-mide-mi-gastrik-bypass-mi-kararinda-hangi-bilgiler-onemlidir.html,tup-mide-mi-gastrik-bypass-mi-kararinda-hangi-bilgiler-onemlidir.html
472,Ameliyat Öncesi Değerlendirme,Revizyon cerrahisi öncesi değerlendirme,blog/revizyon-cerrahisi-oncesi-degerlendirme.html,revizyon-cerrahisi-oncesi-degerlendirme-472.html
473,Ameliyat Öncesi Değerlendirme,Gastrik balon öncesi değerlendirme,blog/gastrik-balon-oncesi-degerlendirme.html,gastrik-balon-oncesi-degerlendirme.html
474,Ameliyat Öncesi Değerlendirme,Mide botoksu öncesi değerlendirme,blog/mide-botoksu-oncesi-degerlendirme.html,mide-botoksu-oncesi-degerlendirme.html
475,Ameliyat Öncesi Değerlendirme,Ameliyat öncesi hasta eğitiminin önemi,blog/ameliyat-oncesi-hasta-egitiminin-onemi.html,ameliyat-oncesi-hasta-egitiminin-onemi.html
476,Ameliyat Öncesi Değerlendirme,Ameliyat öncesi beslenme eğitimi,blog/ameliyat-oncesi-beslenme-egitimi.html,ameliyat-oncesi-beslenme-egitimi.html
477,Ameliyat Öncesi Değerlendirme,Ameliyat öncesi risklerin değerlendirilmesi,blog/ameliyat-oncesi-risklerin-degerlendirilmesi.html,ameliyat-oncesi-risklerin-degerlendirilmesi.html
478,Ameliyat Öncesi Değerlendirme,Ameliyat öncesi hazırlık kontrol listesi,blog/ameliyat-oncesi-hazirlik-kontrol-listesi.html,ameliyat-oncesi-hazirlik-kontrol-listesi.html
479,Ameliyat Öncesi Değerlendirme,Ameliyat günü öncesi yapılması gerekenler,blog/ameliyat-gunu-oncesi-yapilmasi-gerekenler.html,ameliyat-gunu-oncesi-yapilmasi-gerekenler.html
480,Ameliyat Öncesi Değerlendirme,Bariatrik cerrahi öncesi sık sorulan sorular,blog/bariatrik-cerrahi-oncesi-sik-sorulan-sorular.html,bariatrik-cerrahi-oncesi-sik-sorulan-sorular.html
481,Ameliyat Sonrası Yaşam,Bariatrik cerrahi sonrası günlük yaşam,blog/bariatrik-cerrahi-sonrasi-gunluk-yasam.html,bariatrik-cerrahi-sonrasi-gunluk-yasam.html
482,Ameliyat Sonrası Yaşam,Bariatrik cerrahi sonrası işe dönüş,blog/bariatrik-cerrahi-sonrasi-ise-donus.html,bariatrik-cerrahi-sonrasi-ise-donus.html
483,Ameliyat Sonrası Yaşam,Bariatrik cerrahi sonrası araç kullanımı,blog/bariatrik-cerrahi-sonrasi-arac-kullanimi.html,bariatrik-cerrahi-sonrasi-arac-kullanimi.html
484,Ameliyat Sonrası Yaşam,Bariatrik cerrahi sonrası seyahat,blog/bariatrik-cerrahi-sonrasi-seyahat.html,bariatrik-cerrahi-sonrasi-seyahat.html
485,Ameliyat Sonrası Yaşam,Bariatrik cerrahi sonrası uçak yolculuğu,blog/bariatrik-cerrahi-sonrasi-ucak-yolculugu.html,bariatrik-cerrahi-sonrasi-ucak-yolculugu.html
486,Ameliyat Sonrası Yaşam,Bariatrik cerrahi sonrası egzersize dönüş,blog/bariatrik-cerrahi-sonrasi-egzersize-donus.html,bariatrik-cerrahi-sonrasi-egzersize-donus.html
487,Ameliyat Sonrası Yaşam,Bariatrik cerrahi sonrası ağırlık çalışmaları,blog/bariatrik-cerrahi-sonrasi-agirlik-calismalari.html,bariatrik-cerrahi-sonrasi-agirlik-calismalari.html
488,Ameliyat Sonrası Yaşam,Bariatrik cerrahi sonrası yürüyüş programı,blog/bariatrik-cerrahi-sonrasi-yuruyus-programi.html,bariatrik-cerrahi-sonrasi-yuruyus-programi.html
489,Ameliyat Sonrası Yaşam,Bariatrik cerrahi sonrası uyku düzeni,blog/bariatrik-cerrahi-sonrasi-uyku-duzeni.html,bariatrik-cerrahi-sonrasi-uyku-duzeni.html
490,Ameliyat Sonrası Yaşam,Bariatrik cerrahi sonrası sosyal yaşam,blog/bariatrik-cerrahi-sonrasi-sosyal-yasam.html,bariatrik-cerrahi-sonrasi-sosyal-yasam.html
491,Ameliyat Sonrası Yaşam,Bariatrik cerrahi sonrası yemek düzeni,blog/bariatrik-cerrahi-sonrasi-yemek-duzeni.html,bariatrik-cerrahi-sonrasi-yemek-duzeni.html
492,Ameliyat Sonrası Yaşam,Bariatrik cerrahi sonrası porsiyon yönetimi,blog/bariatrik-cerrahi-sonrasi-porsiyon-yonetimi.html,bariatrik-cerrahi-sonrasi-porsiyon-yonetimi.html
493,Ameliyat Sonrası Yaşam,Bariatrik cerrahi sonrası açlık ve tokluk sinyalleri,blog/bariatrik-cerrahi-sonrasi-aclik-ve-tokluk-sinyalleri.html,bariatrik-cerrahi-sonrasi-aclik-ve-tokluk-sinyalleri.html
494,Ameliyat Sonrası Yaşam,Bariatrik cerrahi sonrası yeme davranışı,blog/bariatrik-cerrahi-sonrasi-yeme-davranisi.html,bariatrik-cerrahi-sonrasi-yeme-davranisi.html
495,Ameliyat Sonrası Yaşam,Bariatrik cerrahi sonrası duygusal yeme,blog/bariatrik-cerrahi-sonrasi-duygusal-yeme.html,bariatrik-cerrahi-sonrasi-duygusal-yeme.html
496,Ameliyat Sonrası Yaşam,Bariatrik cerrahi sonrası gece yeme,blog/bariatrik-cerrahi-sonrasi-gece-yeme.html,bariatrik-cerrahi-sonrasi-gece-yeme.html
497,Ameliyat Sonrası Yaşam,Bariatrik cerrahi sonrası atıştırma davranışı,blog/bariatrik-cerrahi-sonrasi-atistirma-davranisi.html,bariatrik-cerrahi-sonrasi-atistirma-davranisi.html
498,Ameliyat Sonrası Yaşam,Bariatrik cerrahi sonrası sağlıklı alışkanlıklar,blog/bariatrik-cerrahi-sonrasi-saglikli-aliskanliklar.html,bariatrik-cerrahi-sonrasi-saglikli-aliskanliklar.html
499,Ameliyat Sonrası Yaşam,Bariatrik cerrahi sonrası kilo takibi,blog/bariatrik-cerrahi-sonrasi-kilo-takibi.html,bariatrik-cerrahi-sonrasi-kilo-takibi.html
500,Ameliyat Sonrası Yaşam,Bariatrik cerrahi sonrası vücut kompozisyonu,blog/bariatrik-cerrahi-sonrasi-vucut-kompozisyonu.html,bariatrik-cerrahi-sonrasi-vucut-kompozisyonu.html
501,Ameliyat Sonrası Yaşam,Bariatrik cerrahi sonrası cilt değişiklikleri,blog/bariatrik-cerrahi-sonrasi-cilt-degisiklikleri.html,bariatrik-cerrahi-sonrasi-cilt-degisiklikleri.html
502,Ameliyat Sonrası Yaşam,Bariatrik cerrahi sonrası saç dökülmesi,blog/bariatrik-cerrahi-sonrasi-sac-dokulmesi.html,bariatrik-cerrahi-sonrasi-sac-dokulmesi.html
503,Ameliyat Sonrası Yaşam,Bariatrik cerrahi sonrası halsizlik,blog/bariatrik-cerrahi-sonrasi-halsizlik.html,bariatrik-cerrahi-sonrasi-halsizlik.html
504,Ameliyat Sonrası Yaşam,Bariatrik cerrahi sonrası kabızlık yönetimi,blog/bariatrik-cerrahi-sonrasi-kabizlik-yonetimi.html,bariatrik-cerrahi-sonrasi-kabizlik-yonetimi.html
505,Ameliyat Sonrası Yaşam,Bariatrik cerrahi sonrası reflü yönetimi,blog/bariatrik-cerrahi-sonrasi-reflu-yonetimi.html,bariatrik-cerrahi-sonrasi-reflu-yonetimi.html
506,Ameliyat Sonrası Yaşam,Bariatrik cerrahi sonrası beslenme toleransı,blog/bariatrik-cerrahi-sonrasi-beslenme-toleransi.html,bariatrik-cerrahi-sonrasi-beslenme-toleransi.html
507,Ameliyat Sonrası Yaşam,Bariatrik cerrahi sonrası yemek intoleransı,blog/bariatrik-cerrahi-sonrasi-yemek-intoleransi.html,bariatrik-cerrahi-sonrasi-yemek-intoleransi.html
508,Ameliyat Sonrası Yaşam,Bariatrik cerrahi sonrası uzun dönem kontroller,blog/bariatrik-cerrahi-sonrasi-uzun-donem-kontroller.html,bariatrik-cerrahi-sonrasi-uzun-donem-kontroller.html
509,Ameliyat Sonrası Yaşam,Bariatrik cerrahi sonrası kan tahlilleri,blog/bariatrik-cerrahi-sonrasi-kan-tahlilleri.html,bariatrik-cerrahi-sonrasi-kan-tahlilleri.html
510,Ameliyat Sonrası Yaşam,Bariatrik cerrahi sonrası diş sağlığı,blog/bariatrik-cerrahi-sonrasi-dis-sagligi.html,bariatrik-cerrahi-sonrasi-dis-sagligi.html
511,Ameliyat Sonrası Yaşam,Bariatrik cerrahi sonrası gebelik planlaması,blog/bariatrik-cerrahi-sonrasi-gebelik-planlamasi.html,bariatrik-cerrahi-sonrasi-gebelik-planlamasi.html
512,Ameliyat Sonrası Yaşam,Bariatrik cerrahi sonrası doğum kontrolü konusunda değerlendirme,blog/bariatrik-cerrahi-sonrasi-dogum-kontrolu-konusunda-degerlendirme.html,bariatrik-cerrahi-sonrasi-dogum-kontrolu-konusunda-degerlendirme.html
513,Ameliyat Sonrası Yaşam,Bariatrik cerrahi sonrası ruhsal ve sosyal destek,blog/bariatrik-cerrahi-sonrasi-ruhsal-ve-sosyal-destek.html,bariatrik-cerrahi-sonrasi-ruhsal-ve-sosyal-destek.html
514,Ameliyat Sonrası Yaşam,Bariatrik cerrahi sonrası aile desteği,blog/bariatrik-cerrahi-sonrasi-aile-destegi.html,bariatrik-cerrahi-sonrasi-aile-destegi.html
515,Ameliyat Sonrası Yaşam,Bariatrik cerrahi sonrası sürdürülebilir yaşam tarzı,blog/bariatrik-cerrahi-sonrasi-surdurulebilir-yasam-tarzi.html,bariatrik-cerrahi-sonrasi-surdurulebilir-yasam-tarzi.html
516,Ameliyat Sonrası Yaşam,Bariatrik cerrahi sonrası kilo koruma,blog/bariatrik-cerrahi-sonrasi-kilo-koruma.html,bariatrik-cerrahi-sonrasi-kilo-koruma.html
517,Ameliyat Sonrası Yaşam,Bariatrik cerrahi sonrası kilo geri alımıyla baş etme,blog/bariatrik-cerrahi-sonrasi-kilo-geri-alimiyla-bas-etme.html,bariatrik-cerrahi-sonrasi-kilo-geri-alimiyla-bas-etme.html
518,Ameliyat Sonrası Yaşam,Bariatrik cerrahi sonrası motivasyon ve takip,blog/bariatrik-cerrahi-sonrasi-motivasyon-ve-takip.html,bariatrik-cerrahi-sonrasi-motivasyon-ve-takip.html
519,Ameliyat Sonrası Yaşam,Bariatrik cerrahi sonrası uzun dönem yaşam kalitesi,blog/bariatrik-cerrahi-sonrasi-uzun-donem-yasam-kalitesi.html,bariatrik-cerrahi-sonrasi-uzun-donem-yasam-kalitesi.html
520,Ameliyat Sonrası Yaşam,Bariatrik cerrahi sonrası sık sorulan sorular,blog/bariatrik-cerrahi-sonrasi-sik-sorulan-sorular.html,bariatrik-cerrahi-sonrasi-sik-sorulan-sorular.html
521,Obezite ve Eşlik Eden Hastalıklar,Obezite ve Tip 2 diyabet,blog/obezite-ve-tip-2-diyabet.html,obezite-ve-tip-2-diyabet-521.html
522,Obezite ve Eşlik Eden Hastalıklar,Obezite ve insülin direnci,blog/obezite-ve-insulin-direnci.html,obezite-ve-insulin-direnci.html
523,Obezite ve Eşlik Eden Hastalıklar,Obezite ve metabolik sendrom,blog/obezite-ve-metabolik-sendrom.html,obezite-ve-metabolik-sendrom.html
524,Obezite ve Eşlik Eden Hastalıklar,Obezite ve hipertansiyon,blog/obezite-ve-hipertansiyon.html,obezite-ve-hipertansiyon-524.html
525,Obezite ve Eşlik Eden Hastalıklar,Obezite ve yüksek kolesterol,blog/obezite-ve-yuksek-kolesterol.html,obezite-ve-yuksek-kolesterol.html
526,Obezite ve Eşlik Eden Hastalıklar,Obezite ve kalp damar hastalıkları,blog/obezite-ve-kalp-damar-hastaliklari.html,obezite-ve-kalp-damar-hastaliklari-526.html
527,Obezite ve Eşlik Eden Hastalıklar,Obezite ve uyku apnesi,blog/obezite-ve-uyku-apnesi.html,obezite-ve-uyku-apnesi-527.html
528,Obezite ve Eşlik Eden Hastalıklar,Obezite ve horlama,blog/obezite-ve-horlama.html,obezite-ve-horlama.html
529,Obezite ve Eşlik Eden Hastalıklar,Obezite ve yağlı karaciğer,blog/obezite-ve-yagli-karaciger.html,obezite-ve-yagli-karaciger.html
530,Obezite ve Eşlik Eden Hastalıklar,Obezite ve karaciğer hastalıkları,blog/obezite-ve-karaciger-hastaliklari.html,obezite-ve-karaciger-hastaliklari.html
531,Obezite ve Eşlik Eden Hastalıklar,Obezite ve reflü,blog/obezite-ve-reflu.html,obezite-ve-reflu-531.html
532,Obezite ve Eşlik Eden Hastalıklar,Obezite ve safra kesesi hastalıkları,blog/obezite-ve-safra-kesesi-hastaliklari.html,obezite-ve-safra-kesesi-hastaliklari.html
533,Obezite ve Eşlik Eden Hastalıklar,Obezite ve osteoartrit,blog/obezite-ve-osteoartrit.html,obezite-ve-osteoartrit.html
534,Obezite ve Eşlik Eden Hastalıklar,Obezite ve diz ağrısı,blog/obezite-ve-diz-agrisi.html,obezite-ve-diz-agrisi.html
535,Obezite ve Eşlik Eden Hastalıklar,Obezite ve bel ağrısı,blog/obezite-ve-bel-agrisi.html,obezite-ve-bel-agrisi.html
536,Obezite ve Eşlik Eden Hastalıklar,Obezite ve eklem yükü,blog/obezite-ve-eklem-yuku.html,obezite-ve-eklem-yuku.html
537,Obezite ve Eşlik Eden Hastalıklar,Obezite ve kısırlık,blog/obezite-ve-kisirlik.html,obezite-ve-kisirlik-537.html
538,Obezite ve Eşlik Eden Hastalıklar,Obezite ve kadın sağlığı,blog/obezite-ve-kadin-sagligi.html,obezite-ve-kadin-sagligi.html
539,Obezite ve Eşlik Eden Hastalıklar,Obezite ve erkek sağlığı,blog/obezite-ve-erkek-sagligi.html,obezite-ve-erkek-sagligi.html
540,Obezite ve Eşlik Eden Hastalıklar,Obezite ve gebelik,blog/obezite-ve-gebelik.html,obezite-ve-gebelik-540.html
541,Obezite ve Eşlik Eden Hastalıklar,Obezite ve gebelik riskleri,blog/obezite-ve-gebelik-riskleri.html,obezite-ve-gebelik-riskleri.html
542,Obezite ve Eşlik Eden Hastalıklar,Obezite ve polikistik over sendromu,blog/obezite-ve-polikistik-over-sendromu.html,obezite-ve-polikistik-over-sendromu.html
543,Obezite ve Eşlik Eden Hastalıklar,Obezite ve böbrek hastalıkları,blog/obezite-ve-bobrek-hastaliklari.html,obezite-ve-bobrek-hastaliklari.html
544,Obezite ve Eşlik Eden Hastalıklar,Obezite ve solunum sorunları,blog/obezite-ve-solunum-sorunlari.html,obezite-ve-solunum-sorunlari.html
545,Obezite ve Eşlik Eden Hastalıklar,Obezite ve astım,blog/obezite-ve-astim.html,obezite-ve-astim.html
546,Obezite ve Eşlik Eden Hastalıklar,Obezite ve damar sağlığı,blog/obezite-ve-damar-sagligi.html,obezite-ve-damar-sagligi.html
547,Obezite ve Eşlik Eden Hastalıklar,Obezite ve kanser riski,blog/obezite-ve-kanser-riski.html,obezite-ve-kanser-riski.html
548,Obezite ve Eşlik Eden Hastalıklar,Obezite ve yaşam beklentisi hakkında bilimsel veriler,blog/obezite-ve-yasam-beklentisi-hakkinda-bilimsel-veriler.html,obezite-ve-yasam-beklentisi-hakkinda-bilimsel-veriler.html
549,Obezite ve Eşlik Eden Hastalıklar,Obezite ve yaşam kalitesi,blog/obezite-ve-yasam-kalitesi.html,obezite-ve-yasam-kalitesi-549.html
550,Obezite ve Eşlik Eden Hastalıklar,Obezite ve fiziksel işlev,blog/obezite-ve-fiziksel-islev.html,obezite-ve-fiziksel-islev.html
551,Obezite ve Eşlik Eden Hastalıklar,Obezite ve uyku kalitesi,blog/obezite-ve-uyku-kalitesi.html,obezite-ve-uyku-kalitesi.html
552,Obezite ve Eşlik Eden Hastalıklar,Obezite ve gece yeme,blog/obezite-ve-gece-yeme.html,obezite-ve-gece-yeme.html
553,Obezite ve Eşlik Eden Hastalıklar,Obezite ve duygusal yeme,blog/obezite-ve-duygusal-yeme.html,obezite-ve-duygusal-yeme.html
554,Obezite ve Eşlik Eden Hastalıklar,Obezite ve stres,blog/obezite-ve-stres.html,obezite-ve-stres-554.html
555,Obezite ve Eşlik Eden Hastalıklar,Obezite ve depresyon konusunda dikkat edilmesi gerekenler,blog/obezite-ve-depresyon-konusunda-dikkat-edilmesi-gerekenler.html,obezite-ve-depresyon-konusunda-dikkat-edilmesi-gerekenler.html
556,Obezite ve Eşlik Eden Hastalıklar,Obezite ve hareket kısıtlılığı,blog/obezite-ve-hareket-kisitliligi.html,obezite-ve-hareket-kisitliligi.html
557,Obezite ve Eşlik Eden Hastalıklar,Obezite tedavisinin eşlik eden hastalıklara etkisi,blog/obezite-tedavisinin-eslik-eden-hastaliklara-etkisi.html,obezite-tedavisinin-eslik-eden-hastaliklara-etkisi.html
558,Obezite ve Eşlik Eden Hastalıklar,Kilo kaybının metabolik sağlık üzerindeki etkileri,blog/kilo-kaybinin-metabolik-saglik-uzerindeki-etkileri.html,kilo-kaybinin-metabolik-saglik-uzerindeki-etkileri.html
559,Obezite ve Eşlik Eden Hastalıklar,Obezite hastalarında multidisipliner takip,blog/obezite-hastalarinda-multidisipliner-takip.html,obezite-hastalarinda-multidisipliner-takip.html
560,Obezite ve Eşlik Eden Hastalıklar,Obezite ve eşlik eden hastalıklar hakkında sık sorulan sorular,blog/obezite-ve-eslik-eden-hastaliklar-hakkinda-sik-sorulan-sorular.html,obezite-ve-eslik-eden-hastaliklar-hakkinda-sik-sorulan-sorular.html
561,Tip 2 Diyabet,Tip 2 diyabet ve obezite ilişkisi,blog/tip-2-diyabet-ve-obezite-iliskisi.html,tip-2-diyabet-ve-obezite-iliskisi.html
562,Tip 2 Diyabet,Tip 2 diyabet ve kilo yönetimi,blog/tip-2-diyabet-ve-kilo-yonetimi.html,tip-2-diyabet-ve-kilo-yonetimi.html
563,Tip 2 Diyabet,Tip 2 diyabette insülin direnci,blog/tip-2-diyabette-insulin-direnci.html,tip-2-diyabette-insulin-direnci.html
564,Tip 2 Diyabet,Tip 2 diyabette kilo verme,blog/tip-2-diyabette-kilo-verme.html,tip-2-diyabette-kilo-verme.html
565,Tip 2 Diyabet,Tip 2 diyabette beslenme,blog/tip-2-diyabette-beslenme.html,tip-2-diyabette-beslenme.html
566,Tip 2 Diyabet,Tip 2 diyabette fiziksel aktivite,blog/tip-2-diyabette-fiziksel-aktivite.html,tip-2-diyabette-fiziksel-aktivite.html
567,Tip 2 Diyabet,Tip 2 diyabet ve metabolik cerrahi,blog/tip-2-diyabet-ve-metabolik-cerrahi.html,tip-2-diyabet-ve-metabolik-cerrahi.html
568,Tip 2 Diyabet,Tip 2 diyabette bariatrik cerrahi,blog/tip-2-diyabette-bariatrik-cerrahi.html,tip-2-diyabette-bariatrik-cerrahi.html
569,Tip 2 Diyabet,Tip 2 diyabet cerrahi tedavi değerlendirmesi,blog/tip-2-diyabet-cerrahi-tedavi-degerlendirmesi.html,tip-2-diyabet-cerrahi-tedavi-degerlendirmesi.html
570,Tip 2 Diyabet,Tip 2 diyabet ve tüp mide,blog/tip-2-diyabet-ve-tup-mide.html,tip-2-diyabet-ve-tup-mide.html
571,Tip 2 Diyabet,Tip 2 diyabet ve gastrik bypass,blog/tip-2-diyabet-ve-gastrik-bypass.html,tip-2-diyabet-ve-gastrik-bypass.html
572,Tip 2 Diyabet,Tip 2 diyabet sonrası cerrahi takip,blog/tip-2-diyabet-sonrasi-cerrahi-takip.html,tip-2-diyabet-sonrasi-cerrahi-takip.html
573,Tip 2 Diyabet,Metabolik cerrahi sonrası kan şekeri,blog/metabolik-cerrahi-sonrasi-kan-sekeri.html,metabolik-cerrahi-sonrasi-kan-sekeri.html
574,Tip 2 Diyabet,Metabolik cerrahi sonrası HbA1c takibi,blog/metabolik-cerrahi-sonrasi-hba1c-takibi.html,metabolik-cerrahi-sonrasi-hba1c-takibi.html
575,Tip 2 Diyabet,Metabolik cerrahi sonrası diyabet ilaçları,blog/metabolik-cerrahi-sonrasi-diyabet-ilaclari.html,metabolik-cerrahi-sonrasi-diyabet-ilaclari-575.html
576,Tip 2 Diyabet,Diyabet ilaçlarının cerrahi sonrası yeniden değerlendirilmesi,blog/diyabet-ilaclarinin-cerrahi-sonrasi-yeniden-degerlendirilmesi.html,diyabet-ilaclarinin-cerrahi-sonrasi-yeniden-degerlendirilmesi.html
577,Tip 2 Diyabet,İnsülin kullanan obezite hastasında cerrahi değerlendirme,blog/insulin-kullanan-obezite-hastasinda-cerrahi-degerlendirme.html,insulin-kullanan-obezite-hastasinda-cerrahi-degerlendirme.html
578,Tip 2 Diyabet,Tip 2 diyabette kilo geri alımı,blog/tip-2-diyabette-kilo-geri-alimi.html,tip-2-diyabette-kilo-geri-alimi.html
579,Tip 2 Diyabet,Tip 2 diyabet ve hipertansiyon,blog/tip-2-diyabet-ve-hipertansiyon.html,tip-2-diyabet-ve-hipertansiyon.html
580,Tip 2 Diyabet,Tip 2 diyabet ve yağlı karaciğer,blog/tip-2-diyabet-ve-yagli-karaciger.html,tip-2-diyabet-ve-yagli-karaciger.html
581,Tip 2 Diyabet,Tip 2 diyabet ve uyku apnesi,blog/tip-2-diyabet-ve-uyku-apnesi.html,tip-2-diyabet-ve-uyku-apnesi.html
582,Tip 2 Diyabet,Tip 2 diyabet ve böbrek sağlığı,blog/tip-2-diyabet-ve-bobrek-sagligi.html,tip-2-diyabet-ve-bobrek-sagligi.html
583,Tip 2 Diyabet,Tip 2 diyabet ve kalp damar riski,blog/tip-2-diyabet-ve-kalp-damar-riski.html,tip-2-diyabet-ve-kalp-damar-riski.html
584,Tip 2 Diyabet,Tip 2 diyabette metabolik sendrom,blog/tip-2-diyabette-metabolik-sendrom.html,tip-2-diyabette-metabolik-sendrom.html
585,Tip 2 Diyabet,Tip 2 diyabette uzun dönem takip,blog/tip-2-diyabette-uzun-donem-takip.html,tip-2-diyabette-uzun-donem-takip.html
586,Tip 2 Diyabet,Tip 2 diyabette kan şekeri takibi,blog/tip-2-diyabette-kan-sekeri-takibi.html,tip-2-diyabette-kan-sekeri-takibi.html
587,Tip 2 Diyabet,Tip 2 diyabette beslenme hataları,blog/tip-2-diyabette-beslenme-hatalari.html,tip-2-diyabette-beslenme-hatalari.html
588,Tip 2 Diyabet,Tip 2 diyabette protein tüketimi,blog/tip-2-diyabette-protein-tuketimi.html,tip-2-diyabette-protein-tuketimi.html
589,Tip 2 Diyabet,Tip 2 diyabette lif tüketimi,blog/tip-2-diyabette-lif-tuketimi.html,tip-2-diyabette-lif-tuketimi.html
590,Tip 2 Diyabet,Tip 2 diyabette kilo koruma,blog/tip-2-diyabette-kilo-koruma.html,tip-2-diyabette-kilo-koruma.html
591,Tip 2 Diyabet,Tip 2 diyabet ve obezite cerrahisi sonrası beslenme,blog/tip-2-diyabet-ve-obezite-cerrahisi-sonrasi-beslenme.html,tip-2-diyabet-ve-obezite-cerrahisi-sonrasi-beslenme.html
592,Tip 2 Diyabet,Tip 2 diyabet ve obezite tedavisinde multidisipliner yaklaşım,blog/tip-2-diyabet-ve-obezite-tedavisinde-multidisipliner-yaklasim.html,tip-2-diyabet-ve-obezite-tedavisinde-multidisipliner-yaklasim.html
593,Tip 2 Diyabet,Tip 2 diyabet hakkında sık sorulan sorular,blog/tip-2-diyabet-hakkinda-sik-sorulan-sorular.html,tip-2-diyabet-hakkinda-sik-sorulan-sorular.html
594,Tip 2 Diyabet,Tip 2 diyabet tedavisinde kişiselleştirilmiş yaklaşım,blog/tip-2-diyabet-tedavisinde-kisisellestirilmis-yaklasim.html,tip-2-diyabet-tedavisinde-kisisellestirilmis-yaklasim.html
595,Tip 2 Diyabet,Tip 2 diyabette yaşam tarzı değişikliği,blog/tip-2-diyabette-yasam-tarzi-degisikligi.html,tip-2-diyabette-yasam-tarzi-degisikligi.html
596,Tip 2 Diyabet,Tip 2 diyabette egzersiz güvenliği,blog/tip-2-diyabette-egzersiz-guvenligi.html,tip-2-diyabette-egzersiz-guvenligi.html
597,Tip 2 Diyabet,Tip 2 diyabette kilo verme hedefleri nasıl değerlendirilir?,blog/tip-2-diyabette-kilo-verme-hedefleri-nasil-degerlendirilir.html,tip-2-diyabette-kilo-verme-hedefleri-nasil-degerlendirilir.html
598,Tip 2 Diyabet,Tip 2 diyabette metabolik cerrahi sonrası uzun dönem sonuçlar,blog/tip-2-diyabette-metabolik-cerrahi-sonrasi-uzun-donem-sonuclar.html,tip-2-diyabette-metabolik-cerrahi-sonrasi-uzun-donem-sonuclar.html
599,Tip 2 Diyabet,Tip 2 diyabette cerrahi karar süreci,blog/tip-2-diyabette-cerrahi-karar-sureci.html,tip-2-diyabette-cerrahi-karar-sureci.html
600,Tip 2 Diyabet,Tip 2 Diyabet hakkında kapsamlı hasta rehberi,blog/tip-2-diyabet-hakkinda-kapsamli-hasta-rehberi.html,tip-2-diyabet-hakkinda-kapsamli-hasta-rehberi.html
601,Uyku Apnesi ve Obezite,Obezite ve uyku apnesi nedir?,blog/obezite-ve-uyku-apnesi-nedir.html,obezite-ve-uyku-apnesi-nedir.html
602,Uyku Apnesi ve Obezite,Uyku apnesi belirtileri,blog/uyku-apnesi-belirtileri.html,uyku-apnesi-belirtileri.html
603,Uyku Apnesi ve Obezite,Uyku apnesi ve kilo ilişkisi,blog/uyku-apnesi-ve-kilo-iliskisi.html,uyku-apnesi-ve-kilo-iliskisi.html
604,Uyku Apnesi ve Obezite,Uyku apnesi ve VKİ,blog/uyku-apnesi-ve-vki.html,uyku-apnesi-ve-vki.html
605,Uyku Apnesi ve Obezite,Obezite cerrahisi ve uyku apnesi,blog/obezite-cerrahisi-ve-uyku-apnesi.html,obezite-cerrahisi-ve-uyku-apnesi-605.html
606,Uyku Apnesi ve Obezite,Tüp mide ve uyku apnesi,blog/tup-mide-ve-uyku-apnesi.html,tup-mide-ve-uyku-apnesi.html
607,Uyku Apnesi ve Obezite,Gastrik bypass ve uyku apnesi,blog/gastrik-bypass-ve-uyku-apnesi.html,gastrik-bypass-ve-uyku-apnesi-607.html
608,Uyku Apnesi ve Obezite,Kilo kaybının uyku apnesine etkisi,blog/kilo-kaybinin-uyku-apnesine-etkisi.html,kilo-kaybinin-uyku-apnesine-etkisi.html
609,Uyku Apnesi ve Obezite,Uyku apnesi ve hipertansiyon,blog/uyku-apnesi-ve-hipertansiyon.html,uyku-apnesi-ve-hipertansiyon.html
610,Uyku Apnesi ve Obezite,Uyku apnesi ve Tip 2 diyabet,blog/uyku-apnesi-ve-tip-2-diyabet.html,uyku-apnesi-ve-tip-2-diyabet.html
611,Uyku Apnesi ve Obezite,Uyku apnesi ve kalp damar riski,blog/uyku-apnesi-ve-kalp-damar-riski.html,uyku-apnesi-ve-kalp-damar-riski.html
612,Uyku Apnesi ve Obezite,Uyku apnesi değerlendirmesi,blog/uyku-apnesi-degerlendirmesi.html,uyku-apnesi-degerlendirmesi.html
613,Uyku Apnesi ve Obezite,Uyku apnesinde uyku testi,blog/uyku-apnesinde-uyku-testi.html,uyku-apnesinde-uyku-testi.html
614,Uyku Apnesi ve Obezite,Uyku apnesi tedavisi ve kilo yönetimi,blog/uyku-apnesi-tedavisi-ve-kilo-yonetimi.html,uyku-apnesi-tedavisi-ve-kilo-yonetimi.html
615,Uyku Apnesi ve Obezite,CPAP kullanan obezite hastasında cerrahi değerlendirme,blog/cpap-kullanan-obezite-hastasinda-cerrahi-degerlendirme.html,cpap-kullanan-obezite-hastasinda-cerrahi-degerlendirme.html
616,Uyku Apnesi ve Obezite,Obezite cerrahisi öncesi uyku apnesi taraması,blog/obezite-cerrahisi-oncesi-uyku-apnesi-taramasi.html,obezite-cerrahisi-oncesi-uyku-apnesi-taramasi.html
617,Uyku Apnesi ve Obezite,Ameliyat sonrası uyku apnesi takibi,blog/ameliyat-sonrasi-uyku-apnesi-takibi.html,ameliyat-sonrasi-uyku-apnesi-takibi.html
618,Uyku Apnesi ve Obezite,Kilo geri alımı ve uyku apnesi,blog/kilo-geri-alimi-ve-uyku-apnesi.html,kilo-geri-alimi-ve-uyku-apnesi.html
619,Uyku Apnesi ve Obezite,Obezite ve horlama,blog/obezite-ve-horlama.html,obezite-ve-horlama-619.html
620,Uyku Apnesi ve Obezite,Gece nefes durması ve obezite,blog/gece-nefes-durmasi-ve-obezite.html,gece-nefes-durmasi-ve-obezite.html
621,Uyku Apnesi ve Obezite,Uyku kalitesi ve kilo yönetimi,blog/uyku-kalitesi-ve-kilo-yonetimi.html,uyku-kalitesi-ve-kilo-yonetimi.html
622,Uyku Apnesi ve Obezite,Uyku süresi ve obezite,blog/uyku-suresi-ve-obezite.html,uyku-suresi-ve-obezite.html
623,Uyku Apnesi ve Obezite,Uyku bozuklukları ve iştah,blog/uyku-bozukluklari-ve-istah.html,uyku-bozukluklari-ve-istah.html
624,Uyku Apnesi ve Obezite,Uyku apnesi ve metabolik sağlık,blog/uyku-apnesi-ve-metabolik-saglik.html,uyku-apnesi-ve-metabolik-saglik.html
625,Uyku Apnesi ve Obezite,Uyku apnesi ve gündüz yorgunluğu,blog/uyku-apnesi-ve-gunduz-yorgunlugu.html,uyku-apnesi-ve-gunduz-yorgunlugu.html
626,Uyku Apnesi ve Obezite,Uyku apnesi ve yaşam kalitesi,blog/uyku-apnesi-ve-yasam-kalitesi.html,uyku-apnesi-ve-yasam-kalitesi.html
627,Uyku Apnesi ve Obezite,Obezite tedavisi sonrası uyku apnesi,blog/obezite-tedavisi-sonrasi-uyku-apnesi.html,obezite-tedavisi-sonrasi-uyku-apnesi.html
628,Uyku Apnesi ve Obezite,Bariatrik cerrahi sonrası uyku apnesi,blog/bariatrik-cerrahi-sonrasi-uyku-apnesi.html,bariatrik-cerrahi-sonrasi-uyku-apnesi.html
629,Uyku Apnesi ve Obezite,Uyku apnesi hakkında sık sorulan sorular,blog/uyku-apnesi-hakkinda-sik-sorulan-sorular.html,uyku-apnesi-hakkinda-sik-sorulan-sorular.html
630,Uyku Apnesi ve Obezite,Obezite ve uyku apnesinde multidisipliner takip,blog/obezite-ve-uyku-apnesinde-multidisipliner-takip.html,obezite-ve-uyku-apnesinde-multidisipliner-takip.html
631,Uyku Apnesi ve Obezite,Uyku apnesinde kilo verme yaklaşımı,blog/uyku-apnesinde-kilo-verme-yaklasimi.html,uyku-apnesinde-kilo-verme-yaklasimi.html
632,Uyku Apnesi ve Obezite,Uyku apnesi riskini etkileyen faktörler,blog/uyku-apnesi-riskini-etkileyen-faktorler.html,uyku-apnesi-riskini-etkileyen-faktorler.html
633,Uyku Apnesi ve Obezite,Uyku apnesi olan hastada bariatrik cerrahi hazırlığı,blog/uyku-apnesi-olan-hastada-bariatrik-cerrahi-hazirligi.html,uyku-apnesi-olan-hastada-bariatrik-cerrahi-hazirligi.html
634,Uyku Apnesi ve Obezite,Uyku apnesi olan hastada anestezi değerlendirmesi,blog/uyku-apnesi-olan-hastada-anestezi-degerlendirmesi.html,uyku-apnesi-olan-hastada-anestezi-degerlendirmesi.html
635,Uyku Apnesi ve Obezite,Uyku apnesi ve ameliyat sonrası takip,blog/uyku-apnesi-ve-ameliyat-sonrasi-takip.html,uyku-apnesi-ve-ameliyat-sonrasi-takip.html
636,Uyku Apnesi ve Obezite,Uyku apnesi ve kilo geri alımı,blog/uyku-apnesi-ve-kilo-geri-alimi.html,uyku-apnesi-ve-kilo-geri-alimi.html
637,Uyku Apnesi ve Obezite,Uyku apnesinde yaşam tarzı değişiklikleri,blog/uyku-apnesinde-yasam-tarzi-degisiklikleri.html,uyku-apnesinde-yasam-tarzi-degisiklikleri.html
638,Uyku Apnesi ve Obezite,Uyku apnesi ve fiziksel aktivite,blog/uyku-apnesi-ve-fiziksel-aktivite.html,uyku-apnesi-ve-fiziksel-aktivite.html
639,Uyku Apnesi ve Obezite,Uyku apnesi ve beslenme,blog/uyku-apnesi-ve-beslenme.html,uyku-apnesi-ve-beslenme.html
640,Uyku Apnesi ve Obezite,Uyku apnesi hasta soruları,blog/uyku-apnesi-hasta-sorulari.html,uyku-apnesi-hasta-sorulari.html
641,Karaciğer Yağlanması ve Obezite,Obezite ve karaciğer yağlanması,blog/obezite-ve-karaciger-yaglanmasi.html,obezite-ve-karaciger-yaglanmasi-641.html
642,Karaciğer Yağlanması ve Obezite,Metabolik yağlı karaciğer hastalığı nedir?,blog/metabolik-yagli-karaciger-hastaligi-nedir.html,metabolik-yagli-karaciger-hastaligi-nedir.html
643,Karaciğer Yağlanması ve Obezite,Karaciğer yağlanması neden olur?,blog/karaciger-yaglanmasi-neden-olur.html,karaciger-yaglanmasi-neden-olur.html
644,Karaciğer Yağlanması ve Obezite,Karaciğer yağlanması ve kilo,blog/karaciger-yaglanmasi-ve-kilo.html,karaciger-yaglanmasi-ve-kilo.html
645,Karaciğer Yağlanması ve Obezite,Karaciğer yağlanması ve Tip 2 diyabet,blog/karaciger-yaglanmasi-ve-tip-2-diyabet.html,karaciger-yaglanmasi-ve-tip-2-diyabet.html
646,Karaciğer Yağlanması ve Obezite,Karaciğer yağlanması ve insülin direnci,blog/karaciger-yaglanmasi-ve-insulin-direnci.html,karaciger-yaglanmasi-ve-insulin-direnci.html
647,Karaciğer Yağlanması ve Obezite,Karaciğer yağlanması ve metabolik sendrom,blog/karaciger-yaglanmasi-ve-metabolik-sendrom.html,karaciger-yaglanmasi-ve-metabolik-sendrom.html
648,Karaciğer Yağlanması ve Obezite,Karaciğer yağlanması ve hipertansiyon,blog/karaciger-yaglanmasi-ve-hipertansiyon.html,karaciger-yaglanmasi-ve-hipertansiyon.html
649,Karaciğer Yağlanması ve Obezite,Karaciğer yağlanması ve kolesterol,blog/karaciger-yaglanmasi-ve-kolesterol.html,karaciger-yaglanmasi-ve-kolesterol.html
650,Karaciğer Yağlanması ve Obezite,Karaciğer yağlanması nasıl değerlendirilir?,blog/karaciger-yaglanmasi-nasil-degerlendirilir.html,karaciger-yaglanmasi-nasil-degerlendirilir.html
651,Karaciğer Yağlanması ve Obezite,Karaciğer yağlanmasında kan testleri,blog/karaciger-yaglanmasinda-kan-testleri.html,karaciger-yaglanmasinda-kan-testleri.html
652,Karaciğer Yağlanması ve Obezite,Karaciğer yağlanmasında ultrasonografi,blog/karaciger-yaglanmasinda-ultrasonografi.html,karaciger-yaglanmasinda-ultrasonografi.html
653,Karaciğer Yağlanması ve Obezite,Karaciğer yağlanması ve obezite cerrahisi,blog/karaciger-yaglanmasi-ve-obezite-cerrahisi.html,karaciger-yaglanmasi-ve-obezite-cerrahisi.html
654,Karaciğer Yağlanması ve Obezite,Karaciğer yağlanması ve tüp mide,blog/karaciger-yaglanmasi-ve-tup-mide.html,karaciger-yaglanmasi-ve-tup-mide.html
655,Karaciğer Yağlanması ve Obezite,Karaciğer yağlanması ve gastrik bypass,blog/karaciger-yaglanmasi-ve-gastrik-bypass.html,karaciger-yaglanmasi-ve-gastrik-bypass.html
656,Karaciğer Yağlanması ve Obezite,Kilo kaybının karaciğer yağlanmasına etkisi,blog/kilo-kaybinin-karaciger-yaglanmasina-etkisi.html,kilo-kaybinin-karaciger-yaglanmasina-etkisi.html
657,Karaciğer Yağlanması ve Obezite,Bariatrik cerrahi sonrası karaciğer takibi,blog/bariatrik-cerrahi-sonrasi-karaciger-takibi.html,bariatrik-cerrahi-sonrasi-karaciger-takibi.html
658,Karaciğer Yağlanması ve Obezite,Obezite cerrahisi öncesi karaciğer değerlendirmesi,blog/obezite-cerrahisi-oncesi-karaciger-degerlendirmesi.html,obezite-cerrahisi-oncesi-karaciger-degerlendirmesi.html
659,Karaciğer Yağlanması ve Obezite,Karaciğer yağlanması ve beslenme,blog/karaciger-yaglanmasi-ve-beslenme.html,karaciger-yaglanmasi-ve-beslenme.html
660,Karaciğer Yağlanması ve Obezite,Karaciğer yağlanması ve fiziksel aktivite,blog/karaciger-yaglanmasi-ve-fiziksel-aktivite.html,karaciger-yaglanmasi-ve-fiziksel-aktivite.html
661,Karaciğer Yağlanması ve Obezite,Karaciğer yağlanması ve şeker tüketimi,blog/karaciger-yaglanmasi-ve-seker-tuketimi.html,karaciger-yaglanmasi-ve-seker-tuketimi.html
662,Karaciğer Yağlanması ve Obezite,Karaciğer yağlanması ve alkol dışı nedenler,blog/karaciger-yaglanmasi-ve-alkol-disi-nedenler.html,karaciger-yaglanmasi-ve-alkol-disi-nedenler.html
663,Karaciğer Yağlanması ve Obezite,Karaciğer yağlanması hakkında sık sorulan sorular,blog/karaciger-yaglanmasi-hakkinda-sik-sorulan-sorular.html,karaciger-yaglanmasi-hakkinda-sik-sorulan-sorular.html
664,Karaciğer Yağlanması ve Obezite,Metabolik sağlık ve karaciğer,blog/metabolik-saglik-ve-karaciger.html,metabolik-saglik-ve-karaciger.html
665,Karaciğer Yağlanması ve Obezite,Visseral yağ ve karaciğer yağlanması,blog/visseral-yag-ve-karaciger-yaglanmasi.html,visseral-yag-ve-karaciger-yaglanmasi.html
666,Karaciğer Yağlanması ve Obezite,Kilo geri alımı ve karaciğer yağlanması,blog/kilo-geri-alimi-ve-karaciger-yaglanmasi.html,kilo-geri-alimi-ve-karaciger-yaglanmasi.html
667,Karaciğer Yağlanması ve Obezite,Obezite tedavisinin karaciğer üzerindeki etkileri,blog/obezite-tedavisinin-karaciger-uzerindeki-etkileri.html,obezite-tedavisinin-karaciger-uzerindeki-etkileri.html
668,Karaciğer Yağlanması ve Obezite,Metabolik cerrahi ve karaciğer yağlanması,blog/metabolik-cerrahi-ve-karaciger-yaglanmasi.html,metabolik-cerrahi-ve-karaciger-yaglanmasi.html
669,Karaciğer Yağlanması ve Obezite,Karaciğer yağlanmasında uzun dönem takip,blog/karaciger-yaglanmasinda-uzun-donem-takip.html,karaciger-yaglanmasinda-uzun-donem-takip.html
670,Karaciğer Yağlanması ve Obezite,Karaciğer yağlanması ve yaşam tarzı değişiklikleri,blog/karaciger-yaglanmasi-ve-yasam-tarzi-degisiklikleri.html,karaciger-yaglanmasi-ve-yasam-tarzi-degisiklikleri.html
671,Karaciğer Yağlanması ve Obezite,Karaciğer yağlanması ve uyku apnesi,blog/karaciger-yaglanmasi-ve-uyku-apnesi.html,karaciger-yaglanmasi-ve-uyku-apnesi.html
672,Karaciğer Yağlanması ve Obezite,Karaciğer yağlanması ve kardiyovasküler risk,blog/karaciger-yaglanmasi-ve-kardiyovaskuler-risk.html,karaciger-yaglanmasi-ve-kardiyovaskuler-risk.html
673,Karaciğer Yağlanması ve Obezite,Karaciğer yağlanması ve obezite ilişkisi,blog/karaciger-yaglanmasi-ve-obezite-iliskisi.html,karaciger-yaglanmasi-ve-obezite-iliskisi.html
674,Karaciğer Yağlanması ve Obezite,Karaciğer yağlanmasında kilo verme hedefleri,blog/karaciger-yaglanmasinda-kilo-verme-hedefleri.html,karaciger-yaglanmasinda-kilo-verme-hedefleri.html
675,Karaciğer Yağlanması ve Obezite,Karaciğer yağlanması olan hastada cerrahi değerlendirme,blog/karaciger-yaglanmasi-olan-hastada-cerrahi-degerlendirme.html,karaciger-yaglanmasi-olan-hastada-cerrahi-degerlendirme.html
676,Karaciğer Yağlanması ve Obezite,Karaciğer yağlanması olan hastada beslenme takibi,blog/karaciger-yaglanmasi-olan-hastada-beslenme-takibi.html,karaciger-yaglanmasi-olan-hastada-beslenme-takibi.html
677,Karaciğer Yağlanması ve Obezite,Karaciğer yağlanması olan hastada egzersiz,blog/karaciger-yaglanmasi-olan-hastada-egzersiz.html,karaciger-yaglanmasi-olan-hastada-egzersiz.html
678,Karaciğer Yağlanması ve Obezite,Karaciğer yağlanması sonrası takip,blog/karaciger-yaglanmasi-sonrasi-takip.html,karaciger-yaglanmasi-sonrasi-takip.html
679,Karaciğer Yağlanması ve Obezite,Karaciğer yağlanması belirtileri,blog/karaciger-yaglanmasi-belirtileri.html,karaciger-yaglanmasi-belirtileri.html
680,Karaciğer Yağlanması ve Obezite,Karaciğer yağlanması hasta rehberi,blog/karaciger-yaglanmasi-hasta-rehberi.html,karaciger-yaglanmasi-hasta-rehberi.html
681,"Kadın Sağlığı, Gebelik ve Bariatrik Cerrahi",Bariatrik cerrahi ve gebelik,blog/bariatrik-cerrahi-ve-gebelik.html,bariatrik-cerrahi-ve-gebelik.html
682,"Kadın Sağlığı, Gebelik ve Bariatrik Cerrahi",Tüp mide sonrası gebelik,blog/tup-mide-sonrasi-gebelik.html,tup-mide-sonrasi-gebelik.html
683,"Kadın Sağlığı, Gebelik ve Bariatrik Cerrahi",Gastrik bypass sonrası gebelik,blog/gastrik-bypass-sonrasi-gebelik.html,gastrik-bypass-sonrasi-gebelik.html
684,"Kadın Sağlığı, Gebelik ve Bariatrik Cerrahi",Revizyon cerrahisi sonrası gebelik,blog/revizyon-cerrahisi-sonrasi-gebelik.html,revizyon-cerrahisi-sonrasi-gebelik.html
685,"Kadın Sağlığı, Gebelik ve Bariatrik Cerrahi",Bariatrik cerrahi sonrası gebelik planlaması,blog/bariatrik-cerrahi-sonrasi-gebelik-planlamasi.html,bariatrik-cerrahi-sonrasi-gebelik-planlamasi-685.html
686,"Kadın Sağlığı, Gebelik ve Bariatrik Cerrahi",Bariatrik cerrahi sonrası doğurganlık,blog/bariatrik-cerrahi-sonrasi-dogurganlik.html,bariatrik-cerrahi-sonrasi-dogurganlik.html
687,"Kadın Sağlığı, Gebelik ve Bariatrik Cerrahi",Obezite ve doğurganlık,blog/obezite-ve-dogurganlik.html,obezite-ve-dogurganlik.html
688,"Kadın Sağlığı, Gebelik ve Bariatrik Cerrahi",Obezite ve polikistik over sendromu,blog/obezite-ve-polikistik-over-sendromu.html,obezite-ve-polikistik-over-sendromu-688.html
689,"Kadın Sağlığı, Gebelik ve Bariatrik Cerrahi",Kilo kaybı ve adet düzeni,blog/kilo-kaybi-ve-adet-duzeni.html,kilo-kaybi-ve-adet-duzeni.html
690,"Kadın Sağlığı, Gebelik ve Bariatrik Cerrahi",Obezite ve gebelik riskleri,blog/obezite-ve-gebelik-riskleri.html,obezite-ve-gebelik-riskleri-690.html
691,"Kadın Sağlığı, Gebelik ve Bariatrik Cerrahi",Bariatrik cerrahi sonrası gebelikte beslenme,blog/bariatrik-cerrahi-sonrasi-gebelikte-beslenme.html,bariatrik-cerrahi-sonrasi-gebelikte-beslenme.html
692,"Kadın Sağlığı, Gebelik ve Bariatrik Cerrahi",Gebelikte bariatrik cerrahi sonrası vitaminler,blog/gebelikte-bariatrik-cerrahi-sonrasi-vitaminler.html,gebelikte-bariatrik-cerrahi-sonrasi-vitaminler.html
693,"Kadın Sağlığı, Gebelik ve Bariatrik Cerrahi",Gebelikte B12 takibi,blog/gebelikte-b12-takibi.html,gebelikte-b12-takibi.html
694,"Kadın Sağlığı, Gebelik ve Bariatrik Cerrahi",Gebelikte demir takibi,blog/gebelikte-demir-takibi.html,gebelikte-demir-takibi.html
695,"Kadın Sağlığı, Gebelik ve Bariatrik Cerrahi",Gebelikte folat takibi,blog/gebelikte-folat-takibi.html,gebelikte-folat-takibi.html
696,"Kadın Sağlığı, Gebelik ve Bariatrik Cerrahi",Gebelikte D vitamini takibi,blog/gebelikte-d-vitamini-takibi.html,gebelikte-d-vitamini-takibi.html
697,"Kadın Sağlığı, Gebelik ve Bariatrik Cerrahi",Gebelikte kalsiyum takibi,blog/gebelikte-kalsiyum-takibi.html,gebelikte-kalsiyum-takibi.html
698,"Kadın Sağlığı, Gebelik ve Bariatrik Cerrahi",Gebelikte protein ihtiyacı ve bariatrik cerrahi,blog/gebelikte-protein-ihtiyaci-ve-bariatrik-cerrahi.html,gebelikte-protein-ihtiyaci-ve-bariatrik-cerrahi.html
699,"Kadın Sağlığı, Gebelik ve Bariatrik Cerrahi",Bariatrik cerrahi sonrası gebelikte kilo takibi,blog/bariatrik-cerrahi-sonrasi-gebelikte-kilo-takibi.html,bariatrik-cerrahi-sonrasi-gebelikte-kilo-takibi.html
700,"Kadın Sağlığı, Gebelik ve Bariatrik Cerrahi",Bariatrik cerrahi sonrası gebelikte kan testleri,blog/bariatrik-cerrahi-sonrasi-gebelikte-kan-testleri.html,bariatrik-cerrahi-sonrasi-gebelikte-kan-testleri.html
701,"Kadın Sağlığı, Gebelik ve Bariatrik Cerrahi",Bariatrik cerrahi sonrası emzirme,blog/bariatrik-cerrahi-sonrasi-emzirme.html,bariatrik-cerrahi-sonrasi-emzirme.html
702,"Kadın Sağlığı, Gebelik ve Bariatrik Cerrahi",Emzirme döneminde beslenme,blog/emzirme-doneminde-beslenme.html,emzirme-doneminde-beslenme.html
703,"Kadın Sağlığı, Gebelik ve Bariatrik Cerrahi",Obezite ve kadın sağlığı,blog/obezite-ve-kadin-sagligi.html,obezite-ve-kadin-sagligi-703.html
704,"Kadın Sağlığı, Gebelik ve Bariatrik Cerrahi",Obezite ve hormonal sağlık,blog/obezite-ve-hormonal-saglik.html,obezite-ve-hormonal-saglik.html
705,"Kadın Sağlığı, Gebelik ve Bariatrik Cerrahi",Obezite ve PCOS,blog/obezite-ve-pcos.html,obezite-ve-pcos.html
706,"Kadın Sağlığı, Gebelik ve Bariatrik Cerrahi",PCOS ve kilo yönetimi,blog/pcos-ve-kilo-yonetimi.html,pcos-ve-kilo-yonetimi.html
707,"Kadın Sağlığı, Gebelik ve Bariatrik Cerrahi",PCOS ve metabolik cerrahi,blog/pcos-ve-metabolik-cerrahi.html,pcos-ve-metabolik-cerrahi.html
708,"Kadın Sağlığı, Gebelik ve Bariatrik Cerrahi",PCOS ve obezite cerrahisi,blog/pcos-ve-obezite-cerrahisi.html,pcos-ve-obezite-cerrahisi.html
709,"Kadın Sağlığı, Gebelik ve Bariatrik Cerrahi",Gebelik planlayan obezite hastasında değerlendirme,blog/gebelik-planlayan-obezite-hastasinda-degerlendirme.html,gebelik-planlayan-obezite-hastasinda-degerlendirme.html
710,"Kadın Sağlığı, Gebelik ve Bariatrik Cerrahi",Gebelik planlayan bariatrik cerrahi hastasında takip,blog/gebelik-planlayan-bariatrik-cerrahi-hastasinda-takip.html,gebelik-planlayan-bariatrik-cerrahi-hastasinda-takip.html
711,"Kadın Sağlığı, Gebelik ve Bariatrik Cerrahi",Bariatrik cerrahi sonrası doğum kontrolü,blog/bariatrik-cerrahi-sonrasi-dogum-kontrolu.html,bariatrik-cerrahi-sonrasi-dogum-kontrolu.html
712,"Kadın Sağlığı, Gebelik ve Bariatrik Cerrahi",Gebelikte beslenme eksiklikleri,blog/gebelikte-beslenme-eksiklikleri.html,gebelikte-beslenme-eksiklikleri.html
713,"Kadın Sağlığı, Gebelik ve Bariatrik Cerrahi",Gebelikte bariatrik cerrahi sonrası demir eksikliği,blog/gebelikte-bariatrik-cerrahi-sonrasi-demir-eksikligi.html,gebelikte-bariatrik-cerrahi-sonrasi-demir-eksikligi.html
714,"Kadın Sağlığı, Gebelik ve Bariatrik Cerrahi",Gebelikte bariatrik cerrahi sonrası B12 eksikliği,blog/gebelikte-bariatrik-cerrahi-sonrasi-b12-eksikligi.html,gebelikte-bariatrik-cerrahi-sonrasi-b12-eksikligi.html
715,"Kadın Sağlığı, Gebelik ve Bariatrik Cerrahi",Gebelikte bariatrik cerrahi sonrası D vitamini,blog/gebelikte-bariatrik-cerrahi-sonrasi-d-vitamini.html,gebelikte-bariatrik-cerrahi-sonrasi-d-vitamini.html
716,"Kadın Sağlığı, Gebelik ve Bariatrik Cerrahi",Gebelikte bariatrik cerrahi sonrası kilo geri alımı,blog/gebelikte-bariatrik-cerrahi-sonrasi-kilo-geri-alimi.html,gebelikte-bariatrik-cerrahi-sonrasi-kilo-geri-alimi.html
717,"Kadın Sağlığı, Gebelik ve Bariatrik Cerrahi",Gebelik sonrası kilo yönetimi,blog/gebelik-sonrasi-kilo-yonetimi.html,gebelik-sonrasi-kilo-yonetimi.html
718,"Kadın Sağlığı, Gebelik ve Bariatrik Cerrahi",Kadınlarda obezite ve yaşam kalitesi,blog/kadinlarda-obezite-ve-yasam-kalitesi.html,kadinlarda-obezite-ve-yasam-kalitesi.html
719,"Kadın Sağlığı, Gebelik ve Bariatrik Cerrahi",Kadın sağlığı ve obezite hakkında sık sorulan sorular,blog/kadin-sagligi-ve-obezite-hakkinda-sik-sorulan-sorular.html,kadin-sagligi-ve-obezite-hakkinda-sik-sorulan-sorular.html
720,"Kadın Sağlığı, Gebelik ve Bariatrik Cerrahi","Kadın Sağlığı, Gebelik ve Bariatrik Cerrahi hakkında kapsamlı hasta rehberi",blog/kadin-sagligi-gebelik-ve-bariatrik-cerrahi-hakkinda-kapsamli-hasta-rehberi.html,kadin-sagligi-gebelik-ve-bariatrik-cerrahi-hakkinda-kapsamli-hasta-rehberi.html
721,Erkek Sağlığı ve Obezite,Obezite ve erkek sağlığı,blog/obezite-ve-erkek-sagligi.html,obezite-ve-erkek-sagligi-721.html
722,Erkek Sağlığı ve Obezite,Obezite ve erkeklerde doğurganlık,blog/obezite-ve-erkeklerde-dogurganlik.html,obezite-ve-erkeklerde-dogurganlik.html
723,Erkek Sağlığı ve Obezite,Obezite ve testosteron,blog/obezite-ve-testosteron.html,obezite-ve-testosteron.html
724,Erkek Sağlığı ve Obezite,Obezite ve hormonal sağlık,blog/obezite-ve-hormonal-saglik.html,obezite-ve-hormonal-saglik-724.html
725,Erkek Sağlığı ve Obezite,Obezite ve erkeklerde metabolik sendrom,blog/obezite-ve-erkeklerde-metabolik-sendrom.html,obezite-ve-erkeklerde-metabolik-sendrom.html
726,Erkek Sağlığı ve Obezite,Obezite ve erkeklerde Tip 2 diyabet,blog/obezite-ve-erkeklerde-tip-2-diyabet.html,obezite-ve-erkeklerde-tip-2-diyabet.html
727,Erkek Sağlığı ve Obezite,Obezite ve erkeklerde hipertansiyon,blog/obezite-ve-erkeklerde-hipertansiyon.html,obezite-ve-erkeklerde-hipertansiyon.html
728,Erkek Sağlığı ve Obezite,Obezite ve erkeklerde uyku apnesi,blog/obezite-ve-erkeklerde-uyku-apnesi.html,obezite-ve-erkeklerde-uyku-apnesi.html
729,Erkek Sağlığı ve Obezite,Obezite ve erkeklerde yağlı karaciğer,blog/obezite-ve-erkeklerde-yagli-karaciger.html,obezite-ve-erkeklerde-yagli-karaciger.html
730,Erkek Sağlığı ve Obezite,Obezite cerrahisi ve erkek sağlığı,blog/obezite-cerrahisi-ve-erkek-sagligi.html,obezite-cerrahisi-ve-erkek-sagligi.html
731,Erkek Sağlığı ve Obezite,Tüp mide ve erkek sağlığı,blog/tup-mide-ve-erkek-sagligi.html,tup-mide-ve-erkek-sagligi.html
732,Erkek Sağlığı ve Obezite,Gastrik bypass ve erkek sağlığı,blog/gastrik-bypass-ve-erkek-sagligi.html,gastrik-bypass-ve-erkek-sagligi.html
733,Erkek Sağlığı ve Obezite,Metabolik cerrahi ve erkek sağlığı,blog/metabolik-cerrahi-ve-erkek-sagligi.html,metabolik-cerrahi-ve-erkek-sagligi.html
734,Erkek Sağlığı ve Obezite,Bariatrik cerrahi sonrası erkeklerde beslenme,blog/bariatrik-cerrahi-sonrasi-erkeklerde-beslenme.html,bariatrik-cerrahi-sonrasi-erkeklerde-beslenme.html
735,Erkek Sağlığı ve Obezite,Bariatrik cerrahi sonrası erkeklerde vitamin takibi,blog/bariatrik-cerrahi-sonrasi-erkeklerde-vitamin-takibi.html,bariatrik-cerrahi-sonrasi-erkeklerde-vitamin-takibi.html
736,Erkek Sağlığı ve Obezite,Obezite ve fiziksel performans,blog/obezite-ve-fiziksel-performans.html,obezite-ve-fiziksel-performans.html
737,Erkek Sağlığı ve Obezite,Obezite ve egzersiz kapasitesi,blog/obezite-ve-egzersiz-kapasitesi.html,obezite-ve-egzersiz-kapasitesi.html
738,Erkek Sağlığı ve Obezite,Kilo kaybı ve erkek sağlığı,blog/kilo-kaybi-ve-erkek-sagligi.html,kilo-kaybi-ve-erkek-sagligi.html
739,Erkek Sağlığı ve Obezite,Kilo geri alımı ve erkeklerde obezite,blog/kilo-geri-alimi-ve-erkeklerde-obezite.html,kilo-geri-alimi-ve-erkeklerde-obezite.html
740,Erkek Sağlığı ve Obezite,Obezite ve yaşam kalitesi erkeklerde,blog/obezite-ve-yasam-kalitesi-erkeklerde.html,obezite-ve-yasam-kalitesi-erkeklerde.html
741,Erkek Sağlığı ve Obezite,Obezite ve cinsel sağlık hakkında genel bilgiler,blog/obezite-ve-cinsel-saglik-hakkinda-genel-bilgiler.html,obezite-ve-cinsel-saglik-hakkinda-genel-bilgiler.html
742,Erkek Sağlığı ve Obezite,Obezite tedavisi ve erkeklerde yaşam tarzı,blog/obezite-tedavisi-ve-erkeklerde-yasam-tarzi.html,obezite-tedavisi-ve-erkeklerde-yasam-tarzi.html
743,Erkek Sağlığı ve Obezite,Erkeklerde obezite değerlendirmesi,blog/erkeklerde-obezite-degerlendirmesi.html,erkeklerde-obezite-degerlendirmesi.html
744,Erkek Sağlığı ve Obezite,Erkeklerde VKİ ve bel çevresi,blog/erkeklerde-vki-ve-bel-cevresi.html,erkeklerde-vki-ve-bel-cevresi.html
745,Erkek Sağlığı ve Obezite,Erkeklerde obezite cerrahisi öncesi değerlendirme,blog/erkeklerde-obezite-cerrahisi-oncesi-degerlendirme.html,erkeklerde-obezite-cerrahisi-oncesi-degerlendirme.html
746,Erkek Sağlığı ve Obezite,Erkeklerde bariatrik cerrahi sonrası takip,blog/erkeklerde-bariatrik-cerrahi-sonrasi-takip.html,erkeklerde-bariatrik-cerrahi-sonrasi-takip.html
747,Erkek Sağlığı ve Obezite,Erkeklerde bariatrik cerrahi sonrası protein,blog/erkeklerde-bariatrik-cerrahi-sonrasi-protein.html,erkeklerde-bariatrik-cerrahi-sonrasi-protein.html
748,Erkek Sağlığı ve Obezite,Erkeklerde bariatrik cerrahi sonrası egzersiz,blog/erkeklerde-bariatrik-cerrahi-sonrasi-egzersiz.html,erkeklerde-bariatrik-cerrahi-sonrasi-egzersiz.html
749,Erkek Sağlığı ve Obezite,Erkeklerde bariatrik cerrahi sonrası kilo kaybı,blog/erkeklerde-bariatrik-cerrahi-sonrasi-kilo-kaybi.html,erkeklerde-bariatrik-cerrahi-sonrasi-kilo-kaybi.html
750,Erkek Sağlığı ve Obezite,Erkeklerde bariatrik cerrahi sonrası kilo geri alımı,blog/erkeklerde-bariatrik-cerrahi-sonrasi-kilo-geri-alimi.html,erkeklerde-bariatrik-cerrahi-sonrasi-kilo-geri-alimi.html
751,Erkek Sağlığı ve Obezite,Obezite ve erkeklerde karaciğer yağlanması,blog/obezite-ve-erkeklerde-karaciger-yaglanmasi.html,obezite-ve-erkeklerde-karaciger-yaglanmasi.html
752,Erkek Sağlığı ve Obezite,Obezite ve erkeklerde eklem sorunları,blog/obezite-ve-erkeklerde-eklem-sorunlari.html,obezite-ve-erkeklerde-eklem-sorunlari.html
753,Erkek Sağlığı ve Obezite,Obezite ve erkeklerde reflü,blog/obezite-ve-erkeklerde-reflu.html,obezite-ve-erkeklerde-reflu.html
754,Erkek Sağlığı ve Obezite,Obezite ve erkeklerde uyku kalitesi,blog/obezite-ve-erkeklerde-uyku-kalitesi.html,obezite-ve-erkeklerde-uyku-kalitesi.html
755,Erkek Sağlığı ve Obezite,Obezite ve erkeklerde beslenme,blog/obezite-ve-erkeklerde-beslenme.html,obezite-ve-erkeklerde-beslenme.html
756,Erkek Sağlığı ve Obezite,Obezite ve erkeklerde sürdürülebilir kilo yönetimi,blog/obezite-ve-erkeklerde-surdurulebilir-kilo-yonetimi.html,obezite-ve-erkeklerde-surdurulebilir-kilo-yonetimi.html
757,Erkek Sağlığı ve Obezite,Erkeklerde metabolik cerrahi karar süreci,blog/erkeklerde-metabolik-cerrahi-karar-sureci.html,erkeklerde-metabolik-cerrahi-karar-sureci.html
758,Erkek Sağlığı ve Obezite,Erkek sağlığı ve obezite hakkında sık sorulan sorular,blog/erkek-sagligi-ve-obezite-hakkinda-sik-sorulan-sorular.html,erkek-sagligi-ve-obezite-hakkinda-sik-sorulan-sorular.html
759,Erkek Sağlığı ve Obezite,Erkeklerde obezite tedavisinde multidisipliner yaklaşım,blog/erkeklerde-obezite-tedavisinde-multidisipliner-yaklasim.html,erkeklerde-obezite-tedavisinde-multidisipliner-yaklasim.html
760,Erkek Sağlığı ve Obezite,Erkek Sağlığı ve Obezite hakkında kapsamlı hasta rehberi,blog/erkek-sagligi-ve-obezite-hakkinda-kapsamli-hasta-rehberi.html,erkek-sagligi-ve-obezite-hakkinda-kapsamli-hasta-rehberi.html
761,İlaç Tedavileri ve Obezite Yönetimi,Obezitede ilaç tedavisi nedir?,blog/obezitede-ilac-tedavisi-nedir.html,obezitede-ilac-tedavisi-nedir.html
762,İlaç Tedavileri ve Obezite Yönetimi,Obezite ilaçları hangi durumlarda değerlendirilir?,blog/obezite-ilaclari-hangi-durumlarda-degerlendirilir.html,obezite-ilaclari-hangi-durumlarda-degerlendirilir.html
763,İlaç Tedavileri ve Obezite Yönetimi,Obezite tedavisinde ilaç ve yaşam tarzı,blog/obezite-tedavisinde-ilac-ve-yasam-tarzi.html,obezite-tedavisinde-ilac-ve-yasam-tarzi.html
764,İlaç Tedavileri ve Obezite Yönetimi,Obezite ilaçları ve bariatrik cerrahi,blog/obezite-ilaclari-ve-bariatrik-cerrahi.html,obezite-ilaclari-ve-bariatrik-cerrahi.html
765,İlaç Tedavileri ve Obezite Yönetimi,Obezite ilaçları ve metabolik cerrahi,blog/obezite-ilaclari-ve-metabolik-cerrahi.html,obezite-ilaclari-ve-metabolik-cerrahi.html
766,İlaç Tedavileri ve Obezite Yönetimi,Obezite ilaçları ile kilo geri alımı,blog/obezite-ilaclari-ile-kilo-geri-alimi.html,obezite-ilaclari-ile-kilo-geri-alimi.html
767,İlaç Tedavileri ve Obezite Yönetimi,Obezite ilaçları bırakıldığında kilo yönetimi,blog/obezite-ilaclari-birakildiginda-kilo-yonetimi.html,obezite-ilaclari-birakildiginda-kilo-yonetimi.html
768,İlaç Tedavileri ve Obezite Yönetimi,Obezite tedavisinde farmakoterapi takibi,blog/obezite-tedavisinde-farmakoterapi-takibi.html,obezite-tedavisinde-farmakoterapi-takibi.html
769,İlaç Tedavileri ve Obezite Yönetimi,Obezite ilaçlarında yan etki takibi,blog/obezite-ilaclarinda-yan-etki-takibi.html,obezite-ilaclarinda-yan-etki-takibi.html
770,İlaç Tedavileri ve Obezite Yönetimi,Obezite ilaçlarında uygunluk değerlendirmesi,blog/obezite-ilaclarinda-uygunluk-degerlendirmesi.html,obezite-ilaclarinda-uygunluk-degerlendirmesi.html
771,İlaç Tedavileri ve Obezite Yönetimi,Obezite ilaçları ve Tip 2 diyabet,blog/obezite-ilaclari-ve-tip-2-diyabet.html,obezite-ilaclari-ve-tip-2-diyabet.html
772,İlaç Tedavileri ve Obezite Yönetimi,Obezite ilaçları ve hipertansiyon,blog/obezite-ilaclari-ve-hipertansiyon.html,obezite-ilaclari-ve-hipertansiyon.html
773,İlaç Tedavileri ve Obezite Yönetimi,Obezite ilaçları ve uyku apnesi,blog/obezite-ilaclari-ve-uyku-apnesi.html,obezite-ilaclari-ve-uyku-apnesi.html
774,İlaç Tedavileri ve Obezite Yönetimi,Obezite ilaçları ve yağlı karaciğer,blog/obezite-ilaclari-ve-yagli-karaciger.html,obezite-ilaclari-ve-yagli-karaciger.html
775,İlaç Tedavileri ve Obezite Yönetimi,Obezite ilaçları sonrası beslenme,blog/obezite-ilaclari-sonrasi-beslenme.html,obezite-ilaclari-sonrasi-beslenme.html
776,İlaç Tedavileri ve Obezite Yönetimi,Obezite ilaçları ve egzersiz,blog/obezite-ilaclari-ve-egzersiz.html,obezite-ilaclari-ve-egzersiz.html
777,İlaç Tedavileri ve Obezite Yönetimi,İlaç tedavisi ile cerrahi tedavinin farkları,blog/ilac-tedavisi-ile-cerrahi-tedavinin-farklari.html,ilac-tedavisi-ile-cerrahi-tedavinin-farklari.html
778,İlaç Tedavileri ve Obezite Yönetimi,İlaç tedavisi ile endoskopik tedavilerin farkları,blog/ilac-tedavisi-ile-endoskopik-tedavilerin-farklari.html,ilac-tedavisi-ile-endoskopik-tedavilerin-farklari.html
779,İlaç Tedavileri ve Obezite Yönetimi,İlaç tedavisi ile gastrik balonun farkları,blog/ilac-tedavisi-ile-gastrik-balonun-farklari.html,ilac-tedavisi-ile-gastrik-balonun-farklari.html
780,İlaç Tedavileri ve Obezite Yönetimi,İlaç tedavisi ile mide botoksunun farkları,blog/ilac-tedavisi-ile-mide-botoksunun-farklari.html,ilac-tedavisi-ile-mide-botoksunun-farklari.html
781,İlaç Tedavileri ve Obezite Yönetimi,Obezite tedavisinde kişiselleştirilmiş ilaç yaklaşımı,blog/obezite-tedavisinde-kisisellestirilmis-ilac-yaklasimi.html,obezite-tedavisinde-kisisellestirilmis-ilac-yaklasimi.html
782,İlaç Tedavileri ve Obezite Yönetimi,Obezite ilaçları hakkında sık sorulan sorular,blog/obezite-ilaclari-hakkinda-sik-sorulan-sorular.html,obezite-ilaclari-hakkinda-sik-sorulan-sorular.html
783,İlaç Tedavileri ve Obezite Yönetimi,Obezite ilaçlarının uzun dönem takibi,blog/obezite-ilaclarinin-uzun-donem-takibi.html,obezite-ilaclarinin-uzun-donem-takibi.html
784,İlaç Tedavileri ve Obezite Yönetimi,Obezite ilaçlarında kilo koruma,blog/obezite-ilaclarinda-kilo-koruma.html,obezite-ilaclarinda-kilo-koruma.html
785,İlaç Tedavileri ve Obezite Yönetimi,Obezite ilaçları ve metabolik sağlık,blog/obezite-ilaclari-ve-metabolik-saglik.html,obezite-ilaclari-ve-metabolik-saglik.html
786,İlaç Tedavileri ve Obezite Yönetimi,Obezite ilaçları ve yaşam kalitesi,blog/obezite-ilaclari-ve-yasam-kalitesi.html,obezite-ilaclari-ve-yasam-kalitesi.html
787,İlaç Tedavileri ve Obezite Yönetimi,Obezite ilaçları kullanırken beslenme,blog/obezite-ilaclari-kullanirken-beslenme.html,obezite-ilaclari-kullanirken-beslenme.html
788,İlaç Tedavileri ve Obezite Yönetimi,Obezite ilaçları kullanırken fiziksel aktivite,blog/obezite-ilaclari-kullanirken-fiziksel-aktivite.html,obezite-ilaclari-kullanirken-fiziksel-aktivite.html
789,İlaç Tedavileri ve Obezite Yönetimi,Obezite ilaçları ve cerrahi öncesi değerlendirme,blog/obezite-ilaclari-ve-cerrahi-oncesi-degerlendirme.html,obezite-ilaclari-ve-cerrahi-oncesi-degerlendirme.html
790,İlaç Tedavileri ve Obezite Yönetimi,Obezite ilaçları ve cerrahi sonrası değerlendirme,blog/obezite-ilaclari-ve-cerrahi-sonrasi-degerlendirme.html,obezite-ilaclari-ve-cerrahi-sonrasi-degerlendirme.html
791,İlaç Tedavileri ve Obezite Yönetimi,Obezite ilaçları sonrası cerrahi gereksinimi nasıl değerlendirilir?,blog/obezite-ilaclari-sonrasi-cerrahi-gereksinimi-nasil-degerlendirilir.html,obezite-ilaclari-sonrasi-cerrahi-gereksinimi-nasil-degerlendirilir.html
792,İlaç Tedavileri ve Obezite Yönetimi,Obezite tedavisinde tedavi seçeneklerinin birlikte değerlendirilmesi,blog/obezite-tedavisinde-tedavi-seceneklerinin-birlikte-degerlendirilmesi.html,obezite-tedavisinde-tedavi-seceneklerinin-birlikte-degerlendirilmesi.html
793,İlaç Tedavileri ve Obezite Yönetimi,Farmakoterapi ve multidisipliner obezite tedavisi,blog/farmakoterapi-ve-multidisipliner-obezite-tedavisi.html,farmakoterapi-ve-multidisipliner-obezite-tedavisi.html
794,İlaç Tedavileri ve Obezite Yönetimi,Obezite ilaçları konusunda güvenilir kaynaklar,blog/obezite-ilaclari-konusunda-guvenilir-kaynaklar.html,obezite-ilaclari-konusunda-guvenilir-kaynaklar.html
795,İlaç Tedavileri ve Obezite Yönetimi,Obezite ilaçları hakkında yanlış bilinenler,blog/obezite-ilaclari-hakkinda-yanlis-bilinenler.html,obezite-ilaclari-hakkinda-yanlis-bilinenler.html
796,İlaç Tedavileri ve Obezite Yönetimi,Obezite ilaçlarında takip ve kontroller,blog/obezite-ilaclarinda-takip-ve-kontroller.html,obezite-ilaclarinda-takip-ve-kontroller.html
797,İlaç Tedavileri ve Obezite Yönetimi,Obezite ilaçları ve kilo geri alımı,blog/obezite-ilaclari-ve-kilo-geri-alimi.html,obezite-ilaclari-ve-kilo-geri-alimi.html
798,İlaç Tedavileri ve Obezite Yönetimi,Obezite ilaçları ve beslenme eksiklikleri,blog/obezite-ilaclari-ve-beslenme-eksiklikleri.html,obezite-ilaclari-ve-beslenme-eksiklikleri.html
799,İlaç Tedavileri ve Obezite Yönetimi,Obezite ilaçları ve sürdürülebilir kilo yönetimi,blog/obezite-ilaclari-ve-surdurulebilir-kilo-yonetimi.html,obezite-ilaclari-ve-surdurulebilir-kilo-yonetimi.html
800,İlaç Tedavileri ve Obezite Yönetimi,Obezite ilaçları karar süreci,blog/obezite-ilaclari-karar-sureci.html,obezite-ilaclari-karar-sureci.html
801,Endoskopik Obezite Tedavileri,Endoskopik obezite tedavileri nedir?,blog/endoskopik-obezite-tedavileri-nedir.html,endoskopik-obezite-tedavileri-nedir.html
802,Endoskopik Obezite Tedavileri,Endoskopik bariatrik tedaviler nelerdir?,blog/endoskopik-bariatrik-tedaviler-nelerdir.html,endoskopik-bariatrik-tedaviler-nelerdir.html
803,Endoskopik Obezite Tedavileri,Endoskopik tedavi kimlere uygulanabilir?,blog/endoskopik-tedavi-kimlere-uygulanabilir.html,endoskopik-tedavi-kimlere-uygulanabilir.html
804,Endoskopik Obezite Tedavileri,Endoskopik tedavi öncesi değerlendirme,blog/endoskopik-tedavi-oncesi-degerlendirme.html,endoskopik-tedavi-oncesi-degerlendirme.html
805,Endoskopik Obezite Tedavileri,Endoskopik tedavi sonrası beslenme,blog/endoskopik-tedavi-sonrasi-beslenme.html,endoskopik-tedavi-sonrasi-beslenme.html
806,Endoskopik Obezite Tedavileri,Endoskopik tedavi sonrası takip,blog/endoskopik-tedavi-sonrasi-takip.html,endoskopik-tedavi-sonrasi-takip.html
807,Endoskopik Obezite Tedavileri,Gastrik balon ve endoskopik tedaviler,blog/gastrik-balon-ve-endoskopik-tedaviler.html,gastrik-balon-ve-endoskopik-tedaviler.html
808,Endoskopik Obezite Tedavileri,Mide botoksu ve endoskopik tedaviler,blog/mide-botoksu-ve-endoskopik-tedaviler.html,mide-botoksu-ve-endoskopik-tedaviler.html
809,Endoskopik Obezite Tedavileri,Endoskopik sleeve gastroplasti nedir?,blog/endoskopik-sleeve-gastroplasti-nedir.html,endoskopik-sleeve-gastroplasti-nedir.html
810,Endoskopik Obezite Tedavileri,Endoskopik sleeve gastroplasti kimlere uygulanır?,blog/endoskopik-sleeve-gastroplasti-kimlere-uygulanir.html,endoskopik-sleeve-gastroplasti-kimlere-uygulanir.html
811,Endoskopik Obezite Tedavileri,Endoskopik sleeve gastroplasti sonrası beslenme,blog/endoskopik-sleeve-gastroplasti-sonrasi-beslenme.html,endoskopik-sleeve-gastroplasti-sonrasi-beslenme.html
812,Endoskopik Obezite Tedavileri,Endoskopik sleeve gastroplasti sonrası kilo kaybı,blog/endoskopik-sleeve-gastroplasti-sonrasi-kilo-kaybi.html,endoskopik-sleeve-gastroplasti-sonrasi-kilo-kaybi.html
813,Endoskopik Obezite Tedavileri,Endoskopik sleeve gastroplasti riskleri,blog/endoskopik-sleeve-gastroplasti-riskleri.html,endoskopik-sleeve-gastroplasti-riskleri.html
814,Endoskopik Obezite Tedavileri,Endoskopik sleeve gastroplasti ve cerrahi sleeve farkı,blog/endoskopik-sleeve-gastroplasti-ve-cerrahi-sleeve-farki.html,endoskopik-sleeve-gastroplasti-ve-cerrahi-sleeve-farki.html
815,Endoskopik Obezite Tedavileri,Endoskopik tedavilerde hasta seçimi,blog/endoskopik-tedavilerde-hasta-secimi.html,endoskopik-tedavilerde-hasta-secimi.html
816,Endoskopik Obezite Tedavileri,Endoskopik tedavilerde kilo geri alımı,blog/endoskopik-tedavilerde-kilo-geri-alimi.html,endoskopik-tedavilerde-kilo-geri-alimi.html
817,Endoskopik Obezite Tedavileri,Endoskopik tedavilerde uzun dönem takip,blog/endoskopik-tedavilerde-uzun-donem-takip.html,endoskopik-tedavilerde-uzun-donem-takip.html
818,Endoskopik Obezite Tedavileri,Endoskopik obezite tedavilerinde bilimsel kanıtlar,blog/endoskopik-obezite-tedavilerinde-bilimsel-kanitlar.html,endoskopik-obezite-tedavilerinde-bilimsel-kanitlar.html
819,Endoskopik Obezite Tedavileri,Endoskopik obezite tedavileri ve yaşam tarzı,blog/endoskopik-obezite-tedavileri-ve-yasam-tarzi.html,endoskopik-obezite-tedavileri-ve-yasam-tarzi.html
820,Endoskopik Obezite Tedavileri,Endoskopik tedaviler ve Tip 2 diyabet,blog/endoskopik-tedaviler-ve-tip-2-diyabet.html,endoskopik-tedaviler-ve-tip-2-diyabet.html
821,Endoskopik Obezite Tedavileri,Endoskopik tedaviler ve hipertansiyon,blog/endoskopik-tedaviler-ve-hipertansiyon.html,endoskopik-tedaviler-ve-hipertansiyon.html
822,Endoskopik Obezite Tedavileri,Endoskopik tedaviler ve uyku apnesi,blog/endoskopik-tedaviler-ve-uyku-apnesi.html,endoskopik-tedaviler-ve-uyku-apnesi.html
823,Endoskopik Obezite Tedavileri,Endoskopik tedaviler ve yağlı karaciğer,blog/endoskopik-tedaviler-ve-yagli-karaciger.html,endoskopik-tedaviler-ve-yagli-karaciger.html
824,Endoskopik Obezite Tedavileri,Endoskopik tedaviler ve kilo yönetimi,blog/endoskopik-tedaviler-ve-kilo-yonetimi.html,endoskopik-tedaviler-ve-kilo-yonetimi.html
825,Endoskopik Obezite Tedavileri,Endoskopik tedaviler sonrası egzersiz,blog/endoskopik-tedaviler-sonrasi-egzersiz.html,endoskopik-tedaviler-sonrasi-egzersiz.html
826,Endoskopik Obezite Tedavileri,Endoskopik tedaviler sonrası vitamin takibi,blog/endoskopik-tedaviler-sonrasi-vitamin-takibi.html,endoskopik-tedaviler-sonrasi-vitamin-takibi.html
827,Endoskopik Obezite Tedavileri,Endoskopik tedavilerde komplikasyonlar,blog/endoskopik-tedavilerde-komplikasyonlar.html,endoskopik-tedavilerde-komplikasyonlar.html
828,Endoskopik Obezite Tedavileri,Endoskopik tedavilerde sedasyon ve anestezi,blog/endoskopik-tedavilerde-sedasyon-ve-anestezi.html,endoskopik-tedavilerde-sedasyon-ve-anestezi.html
829,Endoskopik Obezite Tedavileri,Endoskopik tedaviler öncesi ilaç değerlendirmesi,blog/endoskopik-tedaviler-oncesi-ilac-degerlendirmesi.html,endoskopik-tedaviler-oncesi-ilac-degerlendirmesi.html
830,Endoskopik Obezite Tedavileri,Endoskopik tedavilerde başarı nasıl değerlendirilir?,blog/endoskopik-tedavilerde-basari-nasil-degerlendirilir.html,endoskopik-tedavilerde-basari-nasil-degerlendirilir.html
831,Endoskopik Obezite Tedavileri,Endoskopik tedavilerde tedavi hedefleri,blog/endoskopik-tedavilerde-tedavi-hedefleri.html,endoskopik-tedavilerde-tedavi-hedefleri.html
832,Endoskopik Obezite Tedavileri,Endoskopik obezite tedavileri hakkında sık sorulan sorular,blog/endoskopik-obezite-tedavileri-hakkinda-sik-sorulan-sorular.html,endoskopik-obezite-tedavileri-hakkinda-sik-sorulan-sorular.html
833,Endoskopik Obezite Tedavileri,Endoskopik tedavi ile cerrahi tedavi karşılaştırması,blog/endoskopik-tedavi-ile-cerrahi-tedavi-karsilastirmasi.html,endoskopik-tedavi-ile-cerrahi-tedavi-karsilastirmasi.html
834,Endoskopik Obezite Tedavileri,Endoskopik tedavi ile ilaç tedavisi karşılaştırması,blog/endoskopik-tedavi-ile-ilac-tedavisi-karsilastirmasi.html,endoskopik-tedavi-ile-ilac-tedavisi-karsilastirmasi.html
835,Endoskopik Obezite Tedavileri,Endoskopik tedavi ile gastrik balon karşılaştırması,blog/endoskopik-tedavi-ile-gastrik-balon-karsilastirmasi.html,endoskopik-tedavi-ile-gastrik-balon-karsilastirmasi.html
836,Endoskopik Obezite Tedavileri,Endoskopik tedavi ile mide botoksu karşılaştırması,blog/endoskopik-tedavi-ile-mide-botoksu-karsilastirmasi.html,endoskopik-tedavi-ile-mide-botoksu-karsilastirmasi.html
837,Endoskopik Obezite Tedavileri,Endoskopik tedavi sonrası sürdürülebilir kilo yönetimi,blog/endoskopik-tedavi-sonrasi-surdurulebilir-kilo-yonetimi.html,endoskopik-tedavi-sonrasi-surdurulebilir-kilo-yonetimi.html
838,Endoskopik Obezite Tedavileri,Endoskopik obezite tedavilerinde güncel araştırmalar,blog/endoskopik-obezite-tedavilerinde-guncel-arastirmalar.html,endoskopik-obezite-tedavilerinde-guncel-arastirmalar.html
839,Endoskopik Obezite Tedavileri,Endoskopik obezite tedavileri için kaynak rehberi,blog/endoskopik-obezite-tedavileri-icin-kaynak-rehberi.html,endoskopik-obezite-tedavileri-icin-kaynak-rehberi.html
840,Endoskopik Obezite Tedavileri,Endoskopik Obezite Tedavileri hakkında kapsamlı hasta rehberi,blog/endoskopik-obezite-tedavileri-hakkinda-kapsamli-hasta-rehberi.html,endoskopik-obezite-tedavileri-hakkinda-kapsamli-hasta-rehberi.html
841,Karşılaştırma ve Tedavi Seçenekleri,Tüp mide mi gastrik bypass mı?,blog/tup-mide-mi-gastrik-bypass-mi.html,tup-mide-mi-gastrik-bypass-mi.html
842,Karşılaştırma ve Tedavi Seçenekleri,Tüp mide ile gastrik bypass arasındaki farklar,blog/tup-mide-mi-gastrik-bypass-mi.html,tup-mide-mi-gastrik-bypass-mi-842.html
843,Karşılaştırma ve Tedavi Seçenekleri,Tüp mide mi gastrik balon mu?,blog/tup-mide-mi-gastrik-balon-mu.html,tup-mide-mi-gastrik-balon-mu.html
844,Karşılaştırma ve Tedavi Seçenekleri,Tüp mide ile gastrik balon arasındaki farklar,blog/tup-mide-ile-gastrik-balon-arasindaki-farklar.html,tup-mide-ile-gastrik-balon-arasindaki-farklar.html
845,Karşılaştırma ve Tedavi Seçenekleri,Tüp mide mi mide botoksu mu?,blog/tup-mide-mi-mide-botoksu-mu.html,tup-mide-mi-mide-botoksu-mu.html
846,Karşılaştırma ve Tedavi Seçenekleri,Tüp mide ile mide botoksu arasındaki farklar,blog/tup-mide-ile-mide-botoksu-arasindaki-farklar.html,tup-mide-ile-mide-botoksu-arasindaki-farklar.html
847,Karşılaştırma ve Tedavi Seçenekleri,Gastrik balon mu mide botoksu mu?,blog/gastrik-balon-mu-mide-botoksu-mu.html,gastrik-balon-mu-mide-botoksu-mu.html
848,Karşılaştırma ve Tedavi Seçenekleri,Gastrik balon ile mide botoksu arasındaki farklar,blog/gastrik-balon-ile-mide-botoksu-arasindaki-farklar.html,gastrik-balon-ile-mide-botoksu-arasindaki-farklar.html
849,Karşılaştırma ve Tedavi Seçenekleri,Cerrahi ve cerrahi dışı obezite tedavileri,blog/cerrahi-ve-cerrahi-disi-obezite-tedavileri.html,cerrahi-ve-cerrahi-disi-obezite-tedavileri.html
850,Karşılaştırma ve Tedavi Seçenekleri,Obezite cerrahisi ve ilaç tedavisi,blog/obezite-cerrahisi-ve-ilac-tedavisi.html,obezite-cerrahisi-ve-ilac-tedavisi.html
851,Karşılaştırma ve Tedavi Seçenekleri,Obezite cerrahisi ve endoskopik tedaviler,blog/obezite-cerrahisi-ve-endoskopik-tedaviler.html,obezite-cerrahisi-ve-endoskopik-tedaviler.html
852,Karşılaştırma ve Tedavi Seçenekleri,Bariatrik cerrahi ve yaşam tarzı tedavisi,blog/bariatrik-cerrahi-ve-yasam-tarzi-tedavisi.html,bariatrik-cerrahi-ve-yasam-tarzi-tedavisi.html
853,Karşılaştırma ve Tedavi Seçenekleri,Tüp mide ve kilo kaybı,blog/tup-mide-ve-kilo-kaybi.html,tup-mide-ve-kilo-kaybi.html
854,Karşılaştırma ve Tedavi Seçenekleri,Gastrik bypass ve kilo kaybı,blog/gastrik-bypass-ve-kilo-kaybi.html,gastrik-bypass-ve-kilo-kaybi.html
855,Karşılaştırma ve Tedavi Seçenekleri,Tüp mide ve diyabet,blog/tup-mide-ve-diyabet.html,tup-mide-ve-diyabet.html
856,Karşılaştırma ve Tedavi Seçenekleri,Gastrik bypass ve diyabet,blog/gastrik-bypass-ve-diyabet.html,gastrik-bypass-ve-diyabet.html
857,Karşılaştırma ve Tedavi Seçenekleri,Tüp mide ve reflü,blog/tup-mide-ve-reflu.html,tup-mide-ve-reflu.html
858,Karşılaştırma ve Tedavi Seçenekleri,Gastrik bypass ve reflü,blog/gastrik-bypass-ve-reflu.html,gastrik-bypass-ve-reflu.html
859,Karşılaştırma ve Tedavi Seçenekleri,Tüp mide ve vitamin eksiklikleri,blog/tup-mide-ve-vitamin-eksiklikleri.html,tup-mide-ve-vitamin-eksiklikleri.html
860,Karşılaştırma ve Tedavi Seçenekleri,Gastrik bypass ve vitamin eksiklikleri,blog/gastrik-bypass-ve-vitamin-eksiklikleri.html,gastrik-bypass-ve-vitamin-eksiklikleri.html
861,Karşılaştırma ve Tedavi Seçenekleri,Tüp mide ve uzun dönem takip,blog/tup-mide-ve-uzun-donem-takip.html,tup-mide-ve-uzun-donem-takip.html
862,Karşılaştırma ve Tedavi Seçenekleri,Gastrik bypass ve uzun dönem takip,blog/gastrik-bypass-ve-uzun-donem-takip.html,gastrik-bypass-ve-uzun-donem-takip.html
863,Karşılaştırma ve Tedavi Seçenekleri,Revizyon cerrahisi seçenekleri,blog/revizyon-cerrahisi-secenekleri.html,revizyon-cerrahisi-secenekleri.html
864,Karşılaştırma ve Tedavi Seçenekleri,Tüp mide sonrası revizyon seçenekleri,blog/tup-mide-sonrasi-revizyon-secenekleri.html,tup-mide-sonrasi-revizyon-secenekleri.html
865,Karşılaştırma ve Tedavi Seçenekleri,Gastrik bypass sonrası revizyon seçenekleri,blog/gastrik-bypass-sonrasi-revizyon-secenekleri.html,gastrik-bypass-sonrasi-revizyon-secenekleri.html
866,Karşılaştırma ve Tedavi Seçenekleri,Obezite tedavisinde hangi seçenekler değerlendirilir?,blog/obezite-tedavisinde-hangi-secenekler-degerlendirilir.html,obezite-tedavisinde-hangi-secenekler-degerlendirilir.html
867,Karşılaştırma ve Tedavi Seçenekleri,Tedavi seçeneği belirlenirken hangi faktörler önemlidir?,blog/tedavi-secenegi-belirlenirken-hangi-faktorler-onemlidir.html,tedavi-secenegi-belirlenirken-hangi-faktorler-onemlidir.html
868,Karşılaştırma ve Tedavi Seçenekleri,VKİ tedavi seçimini nasıl etkiler?,blog/vki-tedavi-secimini-nasil-etkiler.html,vki-tedavi-secimini-nasil-etkiler.html
869,Karşılaştırma ve Tedavi Seçenekleri,Eşlik eden hastalıklar tedavi seçimini nasıl etkiler?,blog/eslik-eden-hastaliklar-tedavi-secimini-nasil-etkiler.html,eslik-eden-hastaliklar-tedavi-secimini-nasil-etkiler.html
870,Karşılaştırma ve Tedavi Seçenekleri,Reflü tedavi seçimini nasıl etkileyebilir?,blog/reflu-tedavi-secimini-nasil-etkileyebilir.html,reflu-tedavi-secimini-nasil-etkileyebilir.html
871,Karşılaştırma ve Tedavi Seçenekleri,Diyabet tedavi seçimini nasıl etkileyebilir?,blog/diyabet-tedavi-secimini-nasil-etkileyebilir.html,diyabet-tedavi-secimini-nasil-etkileyebilir.html
872,Karşılaştırma ve Tedavi Seçenekleri,Yaş tedavi seçimini nasıl etkiler?,blog/yas-tedavi-secimini-nasil-etkiler.html,yas-tedavi-secimini-nasil-etkiler.html
873,Karşılaştırma ve Tedavi Seçenekleri,Önceki ameliyatlar tedavi seçimini nasıl etkiler?,blog/onceki-ameliyatlar-tedavi-secimini-nasil-etkiler.html,onceki-ameliyatlar-tedavi-secimini-nasil-etkiler.html
874,Karşılaştırma ve Tedavi Seçenekleri,Uzun dönem takip tedavi seçimini nasıl etkiler?,blog/uzun-donem-takip-tedavi-secimini-nasil-etkiler.html,uzun-donem-takip-tedavi-secimini-nasil-etkiler.html
875,Karşılaştırma ve Tedavi Seçenekleri,Hasta beklentileri tedavi planlamasında nasıl değerlendirilir?,blog/hasta-beklentileri-tedavi-planlamasinda-nasil-degerlendirilir.html,hasta-beklentileri-tedavi-planlamasinda-nasil-degerlendirilir.html
876,Karşılaştırma ve Tedavi Seçenekleri,Multidisipliner değerlendirme neden önemlidir?,blog/multidisipliner-degerlendirme-neden-onemlidir.html,multidisipliner-degerlendirme-neden-onemlidir.html
877,Karşılaştırma ve Tedavi Seçenekleri,Obezite tedavisinde kişiselleştirilmiş yaklaşım,blog/obezite-tedavisinde-kisisellestirilmis-yaklasim.html,obezite-tedavisinde-kisisellestirilmis-yaklasim.html
878,Karşılaştırma ve Tedavi Seçenekleri,Obezite tedavi seçenekleri hakkında sık sorulan sorular,blog/obezite-tedavi-secenekleri-hakkinda-sik-sorulan-sorular.html,obezite-tedavi-secenekleri-hakkinda-sik-sorulan-sorular.html
879,Karşılaştırma ve Tedavi Seçenekleri,Tedavi seçeneklerinin bilimsel kanıtlarla değerlendirilmesi,blog/tedavi-seceneklerinin-bilimsel-kanitlarla-degerlendirilmesi.html,tedavi-seceneklerinin-bilimsel-kanitlarla-degerlendirilmesi.html
880,Karşılaştırma ve Tedavi Seçenekleri,Karşılaştırma ve Tedavi Seçenekleri hakkında kapsamlı hasta rehberi,blog/karsilastirma-ve-tedavi-secenekleri-hakkinda-kapsamli-hasta-rehberi.html,karsilastirma-ve-tedavi-secenekleri-hakkinda-kapsamli-hasta-rehberi.html
881,"Beslenme, Protein ve Sıvı",Bariatrik cerrahi sonrası günlük protein ihtiyacı,blog/bariatrik-cerrahi-sonrasi-gunluk-protein-ihtiyaci.html,bariatrik-cerrahi-sonrasi-gunluk-protein-ihtiyaci.html
882,"Beslenme, Protein ve Sıvı",Protein kaynakları bariatrik cerrahi sonrası,blog/protein-kaynaklari-bariatrik-cerrahi-sonrasi.html,protein-kaynaklari-bariatrik-cerrahi-sonrasi.html
883,"Beslenme, Protein ve Sıvı",Protein eksikliği belirtileri,blog/protein-eksikligi-belirtileri.html,protein-eksikligi-belirtileri.html
884,"Beslenme, Protein ve Sıvı",Bariatrik cerrahi sonrası protein tozu kullanımı,blog/bariatrik-cerrahi-sonrasi-protein-tozu-kullanimi.html,bariatrik-cerrahi-sonrasi-protein-tozu-kullanimi.html
885,"Beslenme, Protein ve Sıvı",Protein tozu seçimi hakkında genel bilgiler,blog/protein-tozu-secimi-hakkinda-genel-bilgiler.html,protein-tozu-secimi-hakkinda-genel-bilgiler.html
886,"Beslenme, Protein ve Sıvı",Sıvı tüketimi bariatrik cerrahi sonrası,blog/sivi-tuketimi-bariatrik-cerrahi-sonrasi.html,sivi-tuketimi-bariatrik-cerrahi-sonrasi.html
887,"Beslenme, Protein ve Sıvı",Bariatrik cerrahi sonrası dehidratasyon belirtileri,blog/bariatrik-cerrahi-sonrasi-dehidratasyon-belirtileri.html,bariatrik-cerrahi-sonrasi-dehidratasyon-belirtileri.html
888,"Beslenme, Protein ve Sıvı",Su tüketimini artırma stratejileri,blog/su-tuketimini-artirma-stratejileri.html,su-tuketimini-artirma-stratejileri.html
889,"Beslenme, Protein ve Sıvı",Bariatrik cerrahi sonrası kahve,blog/bariatrik-cerrahi-sonrasi-kahve.html,bariatrik-cerrahi-sonrasi-kahve.html
890,"Beslenme, Protein ve Sıvı",Bariatrik cerrahi sonrası çay,blog/bariatrik-cerrahi-sonrasi-cay.html,bariatrik-cerrahi-sonrasi-cay.html
891,"Beslenme, Protein ve Sıvı",Bariatrik cerrahi sonrası gazlı içecek,blog/bariatrik-cerrahi-sonrasi-gazli-icecek.html,bariatrik-cerrahi-sonrasi-gazli-icecek.html
892,"Beslenme, Protein ve Sıvı",Bariatrik cerrahi sonrası enerji içecekleri,blog/bariatrik-cerrahi-sonrasi-enerji-icecekleri.html,bariatrik-cerrahi-sonrasi-enerji-icecekleri.html
893,"Beslenme, Protein ve Sıvı",Bariatrik cerrahi sonrası şekerli içecekler,blog/bariatrik-cerrahi-sonrasi-sekerli-icecekler.html,bariatrik-cerrahi-sonrasi-sekerli-icecekler.html
894,"Beslenme, Protein ve Sıvı",Bariatrik cerrahi sonrası alkollü içecekler,blog/bariatrik-cerrahi-sonrasi-alkollu-icecekler.html,bariatrik-cerrahi-sonrasi-alkollu-icecekler.html
895,"Beslenme, Protein ve Sıvı",Bariatrik cerrahi sonrası lif,blog/bariatrik-cerrahi-sonrasi-lif.html,bariatrik-cerrahi-sonrasi-lif.html
896,"Beslenme, Protein ve Sıvı",Bariatrik cerrahi sonrası kabızlık ve lif,blog/bariatrik-cerrahi-sonrasi-kabizlik-ve-lif.html,bariatrik-cerrahi-sonrasi-kabizlik-ve-lif.html
897,"Beslenme, Protein ve Sıvı",Bariatrik cerrahi sonrası probiyotikler,blog/bariatrik-cerrahi-sonrasi-probiyotikler.html,bariatrik-cerrahi-sonrasi-probiyotikler.html
898,"Beslenme, Protein ve Sıvı",Bariatrik cerrahi sonrası prebiyotikler,blog/bariatrik-cerrahi-sonrasi-prebiyotikler.html,bariatrik-cerrahi-sonrasi-prebiyotikler.html
899,"Beslenme, Protein ve Sıvı",Bariatrik cerrahi sonrası porsiyon büyüklüğü,blog/bariatrik-cerrahi-sonrasi-porsiyon-buyuklugu.html,bariatrik-cerrahi-sonrasi-porsiyon-buyuklugu.html
900,"Beslenme, Protein ve Sıvı",Bariatrik cerrahi sonrası öğün sıklığı,blog/bariatrik-cerrahi-sonrasi-ogun-sikligi.html,bariatrik-cerrahi-sonrasi-ogun-sikligi.html
901,"Beslenme, Protein ve Sıvı",Bariatrik cerrahi sonrası yeme hızı,blog/bariatrik-cerrahi-sonrasi-yeme-hizi.html,bariatrik-cerrahi-sonrasi-yeme-hizi.html
902,"Beslenme, Protein ve Sıvı",Bariatrik cerrahi sonrası çiğneme,blog/bariatrik-cerrahi-sonrasi-cigneme.html,bariatrik-cerrahi-sonrasi-cigneme.html
903,"Beslenme, Protein ve Sıvı",Bariatrik cerrahi sonrası tokluk,blog/bariatrik-cerrahi-sonrasi-tokluk.html,bariatrik-cerrahi-sonrasi-tokluk.html
904,"Beslenme, Protein ve Sıvı",Bariatrik cerrahi sonrası açlık,blog/bariatrik-cerrahi-sonrasi-aclik.html,bariatrik-cerrahi-sonrasi-aclik.html
905,"Beslenme, Protein ve Sıvı",Bariatrik cerrahi sonrası yemek intoleransı,blog/bariatrik-cerrahi-sonrasi-yemek-intoleransi.html,bariatrik-cerrahi-sonrasi-yemek-intoleransi-905.html
906,"Beslenme, Protein ve Sıvı",Bariatrik cerrahi sonrası et intoleransı,blog/bariatrik-cerrahi-sonrasi-et-intoleransi.html,bariatrik-cerrahi-sonrasi-et-intoleransi.html
907,"Beslenme, Protein ve Sıvı",Bariatrik cerrahi sonrası süt intoleransı,blog/bariatrik-cerrahi-sonrasi-sut-intoleransi.html,bariatrik-cerrahi-sonrasi-sut-intoleransi.html
908,"Beslenme, Protein ve Sıvı",Bariatrik cerrahi sonrası sebze tüketimi,blog/bariatrik-cerrahi-sonrasi-sebze-tuketimi.html,bariatrik-cerrahi-sonrasi-sebze-tuketimi.html
909,"Beslenme, Protein ve Sıvı",Bariatrik cerrahi sonrası meyve tüketimi,blog/bariatrik-cerrahi-sonrasi-meyve-tuketimi.html,bariatrik-cerrahi-sonrasi-meyve-tuketimi.html
910,"Beslenme, Protein ve Sıvı",Bariatrik cerrahi sonrası bakliyat,blog/bariatrik-cerrahi-sonrasi-bakliyat.html,bariatrik-cerrahi-sonrasi-bakliyat.html
911,"Beslenme, Protein ve Sıvı",Bariatrik cerrahi sonrası tam tahıllar,blog/bariatrik-cerrahi-sonrasi-tam-tahillar.html,bariatrik-cerrahi-sonrasi-tam-tahillar.html
912,"Beslenme, Protein ve Sıvı",Bariatrik cerrahi sonrası yağ tüketimi,blog/bariatrik-cerrahi-sonrasi-yag-tuketimi.html,bariatrik-cerrahi-sonrasi-yag-tuketimi.html
913,"Beslenme, Protein ve Sıvı",Bariatrik cerrahi sonrası şeker tüketimi,blog/bariatrik-cerrahi-sonrasi-seker-tuketimi.html,bariatrik-cerrahi-sonrasi-seker-tuketimi.html
914,"Beslenme, Protein ve Sıvı",Bariatrik cerrahi sonrası gece yeme,blog/bariatrik-cerrahi-sonrasi-gece-yeme.html,bariatrik-cerrahi-sonrasi-gece-yeme-914.html
915,"Beslenme, Protein ve Sıvı",Bariatrik cerrahi sonrası atıştırma,blog/bariatrik-cerrahi-sonrasi-atistirma.html,bariatrik-cerrahi-sonrasi-atistirma.html
916,"Beslenme, Protein ve Sıvı",Bariatrik cerrahi sonrası duygusal yeme,blog/bariatrik-cerrahi-sonrasi-duygusal-yeme.html,bariatrik-cerrahi-sonrasi-duygusal-yeme-916.html
917,"Beslenme, Protein ve Sıvı",Bariatrik cerrahi sonrası sağlıklı tarif planlama,blog/bariatrik-cerrahi-sonrasi-saglikli-tarif-planlama.html,bariatrik-cerrahi-sonrasi-saglikli-tarif-planlama.html
918,"Beslenme, Protein ve Sıvı",Bariatrik cerrahi sonrası beslenme günlüğü,blog/bariatrik-cerrahi-sonrasi-beslenme-gunlugu.html,bariatrik-cerrahi-sonrasi-beslenme-gunlugu.html
919,"Beslenme, Protein ve Sıvı",Bariatrik cerrahi sonrası beslenme hedefleri,blog/bariatrik-cerrahi-sonrasi-beslenme-hedefleri.html,bariatrik-cerrahi-sonrasi-beslenme-hedefleri.html
920,"Beslenme, Protein ve Sıvı",Bariatrik cerrahi sonrası beslenme hakkında sık sorulan sorular,blog/bariatrik-cerrahi-sonrasi-beslenme-hakkinda-sik-sorulan-sorular.html,bariatrik-cerrahi-sonrasi-beslenme-hakkinda-sik-sorulan-sorular.html
921,Egzersiz ve Fiziksel Aktivite,Obezitede egzersizin rolü,blog/obezitede-egzersizin-rolu.html,obezitede-egzersizin-rolu.html
922,Egzersiz ve Fiziksel Aktivite,Bariatrik cerrahi sonrası egzersiz,blog/bariatrik-cerrahi-sonrasi-egzersiz.html,bariatrik-cerrahi-sonrasi-egzersiz.html
923,Egzersiz ve Fiziksel Aktivite,Tüp mide sonrası egzersiz,blog/tup-mide-sonrasi-egzersiz.html,tup-mide-sonrasi-egzersiz.html
924,Egzersiz ve Fiziksel Aktivite,Gastrik bypass sonrası egzersiz,blog/gastrik-bypass-sonrasi-egzersiz.html,gastrik-bypass-sonrasi-egzersiz-924.html
925,Egzersiz ve Fiziksel Aktivite,Revizyon cerrahisi sonrası egzersiz,blog/revizyon-cerrahisi-sonrasi-egzersiz.html,revizyon-cerrahisi-sonrasi-egzersiz-925.html
926,Egzersiz ve Fiziksel Aktivite,Gastrik balon sonrası egzersiz,blog/gastrik-balon-sonrasi-egzersiz.html,gastrik-balon-sonrasi-egzersiz.html
927,Egzersiz ve Fiziksel Aktivite,Mide botoksu sonrası egzersiz,blog/mide-botoksu-sonrasi-egzersiz.html,mide-botoksu-sonrasi-egzersiz.html
928,Egzersiz ve Fiziksel Aktivite,Ameliyat sonrası yürüyüş,blog/ameliyat-sonrasi-yuruyus.html,ameliyat-sonrasi-yuruyus.html
929,Egzersiz ve Fiziksel Aktivite,Ameliyat sonrası kardiyo egzersizleri,blog/ameliyat-sonrasi-kardiyo-egzersizleri.html,ameliyat-sonrasi-kardiyo-egzersizleri.html
930,Egzersiz ve Fiziksel Aktivite,Ameliyat sonrası kuvvet antrenmanı,blog/ameliyat-sonrasi-kuvvet-antrenmani.html,ameliyat-sonrasi-kuvvet-antrenmani.html
931,Egzersiz ve Fiziksel Aktivite,Ameliyat sonrası kas kütlesinin korunması,blog/ameliyat-sonrasi-kas-kutlesinin-korunmasi.html,ameliyat-sonrasi-kas-kutlesinin-korunmasi.html
932,Egzersiz ve Fiziksel Aktivite,Kilo verme döneminde egzersiz,blog/kilo-verme-doneminde-egzersiz.html,kilo-verme-doneminde-egzersiz.html
933,Egzersiz ve Fiziksel Aktivite,Kilo koruma döneminde egzersiz,blog/kilo-koruma-doneminde-egzersiz.html,kilo-koruma-doneminde-egzersiz.html
934,Egzersiz ve Fiziksel Aktivite,Bariatrik cerrahi sonrası fiziksel aktiviteye dönüş,blog/bariatrik-cerrahi-sonrasi-fiziksel-aktiviteye-donus.html,bariatrik-cerrahi-sonrasi-fiziksel-aktiviteye-donus.html
935,Egzersiz ve Fiziksel Aktivite,Egzersiz ve protein,blog/egzersiz-ve-protein.html,egzersiz-ve-protein.html
936,Egzersiz ve Fiziksel Aktivite,Egzersiz ve hidrasyon,blog/egzersiz-ve-hidrasyon.html,egzersiz-ve-hidrasyon.html
937,Egzersiz ve Fiziksel Aktivite,Egzersiz sırasında sıvı tüketimi,blog/egzersiz-sirasinda-sivi-tuketimi.html,egzersiz-sirasinda-sivi-tuketimi.html
938,Egzersiz ve Fiziksel Aktivite,Egzersiz sırasında beslenme,blog/egzersiz-sirasinda-beslenme.html,egzersiz-sirasinda-beslenme.html
939,Egzersiz ve Fiziksel Aktivite,Obezitede hareket kısıtlılığı,blog/obezitede-hareket-kisitliligi.html,obezitede-hareket-kisitliligi.html
940,Egzersiz ve Fiziksel Aktivite,Obezitede düşük etkili egzersiz,blog/obezitede-dusuk-etkili-egzersiz.html,obezitede-dusuk-etkili-egzersiz.html
941,Egzersiz ve Fiziksel Aktivite,Obezitede yürüyüş,blog/obezitede-yuruyus.html,obezitede-yuruyus.html
942,Egzersiz ve Fiziksel Aktivite,Obezitede yüzme,blog/obezitede-yuzme.html,obezitede-yuzme.html
943,Egzersiz ve Fiziksel Aktivite,Obezitede bisiklet,blog/obezitede-bisiklet.html,obezitede-bisiklet.html
944,Egzersiz ve Fiziksel Aktivite,Obezitede kuvvet antrenmanı,blog/obezitede-kuvvet-antrenmani.html,obezitede-kuvvet-antrenmani.html
945,Egzersiz ve Fiziksel Aktivite,Obezite ve kas kütlesi,blog/obezite-ve-kas-kutlesi.html,obezite-ve-kas-kutlesi.html
946,Egzersiz ve Fiziksel Aktivite,Obezite ve fiziksel performans,blog/obezite-ve-fiziksel-performans.html,obezite-ve-fiziksel-performans-946.html
947,Egzersiz ve Fiziksel Aktivite,Kilo kaybında kas kaybı,blog/kilo-kaybinda-kas-kaybi.html,kilo-kaybinda-kas-kaybi.html
948,Egzersiz ve Fiziksel Aktivite,Bariatrik cerrahi sonrası kas kaybı,blog/bariatrik-cerrahi-sonrasi-kas-kaybi.html,bariatrik-cerrahi-sonrasi-kas-kaybi.html
949,Egzersiz ve Fiziksel Aktivite,Bariatrik cerrahi sonrası vücut kompozisyonu,blog/bariatrik-cerrahi-sonrasi-vucut-kompozisyonu.html,bariatrik-cerrahi-sonrasi-vucut-kompozisyonu-949.html
950,Egzersiz ve Fiziksel Aktivite,Egzersiz hedefleri nasıl belirlenir?,blog/egzersiz-hedefleri-nasil-belirlenir.html,egzersiz-hedefleri-nasil-belirlenir.html
951,Egzersiz ve Fiziksel Aktivite,Egzersiz programı planlamasında hekim değerlendirmesi,blog/egzersiz-programi-planlamasinda-hekim-degerlendirmesi.html,egzersiz-programi-planlamasinda-hekim-degerlendirmesi.html
952,Egzersiz ve Fiziksel Aktivite,Ameliyat sonrası egzersizde güvenlik,blog/ameliyat-sonrasi-egzersizde-guvenlik.html,ameliyat-sonrasi-egzersizde-guvenlik.html
953,Egzersiz ve Fiziksel Aktivite,Egzersiz sırasında baş dönmesi,blog/egzersiz-sirasinda-bas-donmesi.html,egzersiz-sirasinda-bas-donmesi.html
954,Egzersiz ve Fiziksel Aktivite,Egzersiz sırasında halsizlik,blog/egzersiz-sirasinda-halsizlik.html,egzersiz-sirasinda-halsizlik.html
955,Egzersiz ve Fiziksel Aktivite,Egzersiz ve uyku,blog/egzersiz-ve-uyku.html,egzersiz-ve-uyku.html
956,Egzersiz ve Fiziksel Aktivite,Egzersiz ve metabolik sağlık,blog/egzersiz-ve-metabolik-saglik.html,egzersiz-ve-metabolik-saglik.html
957,Egzersiz ve Fiziksel Aktivite,Egzersiz ve Tip 2 diyabet,blog/egzersiz-ve-tip-2-diyabet.html,egzersiz-ve-tip-2-diyabet.html
958,Egzersiz ve Fiziksel Aktivite,Egzersiz ve hipertansiyon,blog/egzersiz-ve-hipertansiyon.html,egzersiz-ve-hipertansiyon.html
959,Egzersiz ve Fiziksel Aktivite,Egzersiz ve sürdürülebilir kilo yönetimi,blog/egzersiz-ve-surdurulebilir-kilo-yonetimi.html,egzersiz-ve-surdurulebilir-kilo-yonetimi.html
960,Egzersiz ve Fiziksel Aktivite,Egzersiz hakkında sık sorulan sorular,blog/egzersiz-hakkinda-sik-sorulan-sorular.html,egzersiz-hakkinda-sik-sorulan-sorular.html
961,Kilo Kaybı ve Kilo Geri Alımı,Bariatrik cerrahi sonrası beklenen kilo kaybı,blog/bariatrik-cerrahi-sonrasi-beklenen-kilo-kaybi.html,bariatrik-cerrahi-sonrasi-beklenen-kilo-kaybi.html
962,Kilo Kaybı ve Kilo Geri Alımı,Tüp mide sonrası kilo kaybı nasıl değerlendirilir?,blog/tup-mide-sonrasi-kilo-kaybi-nasil-degerlendirilir.html,tup-mide-sonrasi-kilo-kaybi-nasil-degerlendirilir.html
963,Kilo Kaybı ve Kilo Geri Alımı,Gastrik bypass sonrası kilo kaybı nasıl değerlendirilir?,blog/gastrik-bypass-sonrasi-kilo-kaybi-nasil-degerlendirilir.html,gastrik-bypass-sonrasi-kilo-kaybi-nasil-degerlendirilir.html
964,Kilo Kaybı ve Kilo Geri Alımı,Kilo verme hızı kişiden kişiye neden değişir?,blog/kilo-verme-hizi-kisiden-kisiye-neden-degisir.html,kilo-verme-hizi-kisiden-kisiye-neden-degisir.html
965,Kilo Kaybı ve Kilo Geri Alımı,Kilo verme platosu nedir?,blog/kilo-verme-platosu-nedir.html,kilo-verme-platosu-nedir.html
966,Kilo Kaybı ve Kilo Geri Alımı,Kilo verme neden durur?,blog/kilo-verme-neden-durur.html,kilo-verme-neden-durur-966.html
967,Kilo Kaybı ve Kilo Geri Alımı,Bariatrik cerrahi sonrası kilo verme platosu,blog/bariatrik-cerrahi-sonrasi-kilo-verme-platosu.html,bariatrik-cerrahi-sonrasi-kilo-verme-platosu.html
968,Kilo Kaybı ve Kilo Geri Alımı,Tüp mide sonrası kilo verme platosu,blog/tup-mide-sonrasi-kilo-verme-platosu.html,tup-mide-sonrasi-kilo-verme-platosu.html
969,Kilo Kaybı ve Kilo Geri Alımı,Gastrik bypass sonrası kilo verme platosu,blog/gastrik-bypass-sonrasi-kilo-verme-platosu.html,gastrik-bypass-sonrasi-kilo-verme-platosu.html
970,Kilo Kaybı ve Kilo Geri Alımı,Kilo geri alımı nedir?,blog/kilo-geri-alimi-nedir.html,kilo-geri-alimi-nedir.html
971,Kilo Kaybı ve Kilo Geri Alımı,Bariatrik cerrahi sonrası kilo geri alımı nedenleri,blog/bariatrik-cerrahi-sonrasi-kilo-geri-alimi-nedenleri.html,bariatrik-cerrahi-sonrasi-kilo-geri-alimi-nedenleri.html
972,Kilo Kaybı ve Kilo Geri Alımı,Tüp mide sonrası kilo geri alımı,blog/tup-mide-sonrasi-kilo-geri-alimi.html,tup-mide-sonrasi-kilo-geri-alimi.html
973,Kilo Kaybı ve Kilo Geri Alımı,Gastrik bypass sonrası kilo geri alımı,blog/gastrik-bypass-sonrasi-kilo-geri-alimi.html,gastrik-bypass-sonrasi-kilo-geri-alimi-973.html
974,Kilo Kaybı ve Kilo Geri Alımı,Kilo geri alımında beslenmenin rolü,blog/kilo-geri-aliminda-beslenmenin-rolu.html,kilo-geri-aliminda-beslenmenin-rolu.html
975,Kilo Kaybı ve Kilo Geri Alımı,Kilo geri alımında fiziksel aktivitenin rolü,blog/kilo-geri-aliminda-fiziksel-aktivitenin-rolu.html,kilo-geri-aliminda-fiziksel-aktivitenin-rolu.html
976,Kilo Kaybı ve Kilo Geri Alımı,Kilo geri alımında uyku,blog/kilo-geri-aliminda-uyku.html,kilo-geri-aliminda-uyku.html
977,Kilo Kaybı ve Kilo Geri Alımı,Kilo geri alımında yeme davranışları,blog/kilo-geri-aliminda-yeme-davranislari.html,kilo-geri-aliminda-yeme-davranislari.html
978,Kilo Kaybı ve Kilo Geri Alımı,Kilo geri alımında metabolik faktörler,blog/kilo-geri-aliminda-metabolik-faktorler.html,kilo-geri-aliminda-metabolik-faktorler.html
979,Kilo Kaybı ve Kilo Geri Alımı,Kilo geri alımında ilaç tedavileri,blog/kilo-geri-aliminda-ilac-tedavileri.html,kilo-geri-aliminda-ilac-tedavileri.html
980,Kilo Kaybı ve Kilo Geri Alımı,Kilo geri alımında endoskopik seçenekler,blog/kilo-geri-aliminda-endoskopik-secenekler.html,kilo-geri-aliminda-endoskopik-secenekler.html
981,Kilo Kaybı ve Kilo Geri Alımı,Kilo geri alımında revizyon cerrahisi,blog/kilo-geri-aliminda-revizyon-cerrahisi.html,kilo-geri-aliminda-revizyon-cerrahisi.html
982,Kilo Kaybı ve Kilo Geri Alımı,Kilo geri alımında yeniden değerlendirme,blog/kilo-geri-aliminda-yeniden-degerlendirme.html,kilo-geri-aliminda-yeniden-degerlendirme.html
983,Kilo Kaybı ve Kilo Geri Alımı,Kilo geri alımında laboratuvar değerlendirmesi,blog/kilo-geri-aliminda-laboratuvar-degerlendirmesi.html,kilo-geri-aliminda-laboratuvar-degerlendirmesi.html
984,Kilo Kaybı ve Kilo Geri Alımı,Kilo geri alımında beslenme uzmanı takibi,blog/kilo-geri-aliminda-beslenme-uzmani-takibi.html,kilo-geri-aliminda-beslenme-uzmani-takibi.html
985,Kilo Kaybı ve Kilo Geri Alımı,Kilo geri alımında multidisipliner yaklaşım,blog/kilo-geri-aliminda-multidisipliner-yaklasim.html,kilo-geri-aliminda-multidisipliner-yaklasim.html
986,Kilo Kaybı ve Kilo Geri Alımı,Kilo koruma nedir?,blog/kilo-koruma-nedir.html,kilo-koruma-nedir.html
987,Kilo Kaybı ve Kilo Geri Alımı,Bariatrik cerrahi sonrası kilo koruma stratejileri,blog/bariatrik-cerrahi-sonrasi-kilo-koruma-stratejileri.html,bariatrik-cerrahi-sonrasi-kilo-koruma-stratejileri.html
988,Kilo Kaybı ve Kilo Geri Alımı,Uzun dönem kilo takibi,blog/uzun-donem-kilo-takibi.html,uzun-donem-kilo-takibi.html
989,Kilo Kaybı ve Kilo Geri Alımı,Kilo takibinde hangi ölçümler kullanılabilir?,blog/kilo-takibinde-hangi-olcumler-kullanilabilir.html,kilo-takibinde-hangi-olcumler-kullanilabilir.html
990,Kilo Kaybı ve Kilo Geri Alımı,Vücut kompozisyonu ve kilo takibi,blog/vucut-kompozisyonu-ve-kilo-takibi.html,vucut-kompozisyonu-ve-kilo-takibi.html
991,Kilo Kaybı ve Kilo Geri Alımı,Bel çevresi ve kilo takibi,blog/bel-cevresi-ve-kilo-takibi.html,bel-cevresi-ve-kilo-takibi.html
992,Kilo Kaybı ve Kilo Geri Alımı,Kilo dalgalanmaları nasıl değerlendirilir?,blog/kilo-dalgalanmalari-nasil-degerlendirilir.html,kilo-dalgalanmalari-nasil-degerlendirilir.html
993,Kilo Kaybı ve Kilo Geri Alımı,Kilo hedefleri nasıl belirlenir?,blog/kilo-hedefleri-nasil-belirlenir.html,kilo-hedefleri-nasil-belirlenir.html
994,Kilo Kaybı ve Kilo Geri Alımı,Bariatrik cerrahi sonrası hedef kilo yaklaşımı,blog/bariatrik-cerrahi-sonrasi-hedef-kilo-yaklasimi.html,bariatrik-cerrahi-sonrasi-hedef-kilo-yaklasimi.html
995,Kilo Kaybı ve Kilo Geri Alımı,Kilo kaybı beklentileri nasıl yönetilir?,blog/kilo-kaybi-beklentileri-nasil-yonetilir.html,kilo-kaybi-beklentileri-nasil-yonetilir.html
996,Kilo Kaybı ve Kilo Geri Alımı,Kilo kaybı ve yaşam kalitesi,blog/kilo-kaybi-ve-yasam-kalitesi.html,kilo-kaybi-ve-yasam-kalitesi.html
997,Kilo Kaybı ve Kilo Geri Alımı,Kilo kaybı ve metabolik sağlık,blog/kilo-kaybi-ve-metabolik-saglik.html,kilo-kaybi-ve-metabolik-saglik.html
998,Kilo Kaybı ve Kilo Geri Alımı,Kilo kaybı ve Tip 2 diyabet,blog/kilo-kaybi-ve-tip-2-diyabet.html,kilo-kaybi-ve-tip-2-diyabet.html
999,Kilo Kaybı ve Kilo Geri Alımı,Kilo kaybı ve hipertansiyon,blog/kilo-kaybi-ve-hipertansiyon.html,kilo-kaybi-ve-hipertansiyon.html
1000,Kilo Kaybı ve Kilo Geri Alımı,Kilo kaybı ve uyku apnesi,blog/kilo-kaybi-ve-uyku-apnesi.html,kilo-kaybi-ve-uyku-apnesi.html
